Rama de conocimiento,Rank,Nombre,Citas,H-index,Perfil,Grupo
Ciencias Biológicas  ,1, REGINO ZAMORA RODRIGUEZ,6279,43,Perfil,RNM220
Ciencias Biológicas  ,2, JOSE L. OLIVER JIMENEZ,4102,27,Perfil,BIO162
Ciencias Biológicas  ,3, JUAN PEDRO MARTINEZ CAMACHO,3296,29,Perfil,BIO165
Ciencias Biológicas  ,4, JUAN MANUEL PLEGUEZUELOS GOMEZ,1833,21,Perfil,RNM254
Ciencias Biológicas  ,5, JOSE ANTONIO LUPIAÑEZ CARA,1808,24,Perfil,BIO157
Ciencias Biológicas  ,6, JUAN GABRIEL MARTINEZ SUAREZ,1632,24,Perfil,RNM339
Ciencias Biológicas  ,7, MANUEL ANGEL GARRIDO RAMOS,1400,25,Perfil,BIO109
Ciencias Biológicas  ,8, FRANCISCO PERFECTTI ALVAREZ,1203,22,Perfil,BIO165
Ciencias Biológicas  ,9, CARMEN ZAMORA MUÑOZ,1178,19,Perfil,RNM102
Ciencias Biológicas  ,10, RAFAEL NAVAJAS PEREZ,964,14,Perfil,BIO200
Ciencias Biológicas  ,11, MICHAEL HACKENBERG,838,12,Perfil,BIO162
Ciencias Biológicas  ,12, PALOMA CARIÑANOS GONZALEZ,809,16,Perfil,RNM130
Ciencias Biológicas  ,13, TOMAS PEREZ CONTRERAS,772,15,Perfil,RNM339
Ciencias Biológicas  ,14, FRANCISCA ALBA SANCHEZ,581,14,Perfil,RNM110
Ciencias Biológicas  ,15, DOMINGO ALCARAZ SEGURA,432,12,Perfil,RNM174
Ciencias Biológicas  ,16, MANUEL CASARES PORCEL,422,9,Perfil,RNM170
Ciencias Biológicas  ,17, MOHAMMED BAKKALI,335,11,Perfil,BIO165
Ciencias Biológicas  ,18, AMALIA PEREZ JIMENEZ,317,8,Perfil,RNM156
Ciencias Biológicas  ,19, JUAN LORITE MORENO,308,10,Perfil,RNM207
Ciencias Biológicas  ,20, MOHAMED ABDELAZIZ MOHAMED,265,8,Perfil,BIO165
Ciencias Biológicas  ,21, JOSE ANGEL TRAVERSO GUTIERREZ,257,8,Perfil,SINGRUPO
Ciencias Biológicas  ,22, EVA ENCARNACION RUFINO PALOMARES,169,5,Perfil,BIO157
Ciencias Biológicas  ,23, GUILLERMO BARTUREN BRIÑAS,80,5,Perfil,BIO162
Ciencias Biológicas  ,24, EVA MARIA CAÑADAS SANCHEZ,53,5,Perfil,RNM207
Ciencias Biológicas  ,25, MIGUEL BALLESTEROS JIMENEZ,29,4,Perfil,RNM207
Ciencias Biológicas  ,26, VIRGINIA SALAVERT ANDRES,24,3,Perfil,RNM102
Ciencias Biológicas  ,27, FRANCISCO JESUS RUIZ-RUANO CAMPAÑA,19,2,Perfil,BIO165
Ciencias Biológicas  ,28, BEATRIZ MARIA NAVARRO DOMINGUEZ,2,1,Perfil,BIO165
Ciencias Exactas y Naturales  ,1, SERGIO NAVAS CONCHA,61581,59,Perfil,FQM330
Ciencias Exactas y Naturales  ,2, JUAN ANTONIO AGUILAR SAAVEDRA,30963,83,Perfil,FQM101
Ciencias Exactas y Naturales  ,3, ROBERTO PITTAU,10570,40,Perfil,FQM101
Ciencias Exactas y Naturales  ,4, ANDREW STEPHEN KOWALSKI,8900,28,Perfil,RNM119
Ciencias Exactas y Naturales  ,5, CARLOS MORENO CASTILLA,8897,46,Perfil,RNM172
Ciencias Exactas y Naturales  ,6, JOSE RIVERA UTRILLA,6829,43,Perfil,RNM172
Ciencias Exactas y Naturales  ,7, JUAN DE DIOS LUNA DEL CASTILLO,6130,41,Perfil,FQM235
Ciencias Exactas y Naturales  ,8, FRANCISCO DEL AGUILA GIMENEZ,5932,46,Perfil,FQM101
Ciencias Exactas y Naturales  ,9, EDUARDO BATTANER LOPEZ,5712,35,Perfil,FQM108
Ciencias Exactas y Naturales  ,10, ALBERTO FERNANDEZ GUTIERREZ,5704,38,Perfil,FQM297
Ciencias Exactas y Naturales  ,11, ANTONIO SEGURA CARRETERO,5604,37,Perfil,AGR274
Ciencias Exactas y Naturales  ,12, JOSE MANUEL SANCHEZ RUIZ,5308,39,Perfil,BIO223
Ciencias Exactas y Naturales  ,13, ROQUE HIDALGO ALVAREZ,4828,36,Perfil,FQM115
Ciencias Exactas y Naturales  ,14, ANGEL VICENTE DELGADO MORA,4612,33,Perfil,FQM144
Ciencias Exactas y Naturales  ,15, ENRIQUE RUIZ ARRIOLA,4505,36,Perfil,FQM225
Ciencias Exactas y Naturales  ,16, JOSE LUIS VILCHEZ QUERO,4314,39,Perfil,FQM338
Ciencias Exactas y Naturales  ,17, JOAQUIN MARRO BORAU,4040,25,Perfil,FQM165
Ciencias Exactas y Naturales  ,18, MIGUEL ANGEL MUÑOZ MARTINEZ,4007,32,Perfil,FQM165
Ciencias Exactas y Naturales  ,19, JORGE CASTRO GUTIERREZ,3994,27,Perfil,RNM220
Ciencias Exactas y Naturales  ,20, FERNANDO BEA BARREDO,3835,33,Perfil,RNM302
Ciencias Exactas y Naturales  ,21, FRANCISCO GONZALEZ LODEIRO,3788,33,Perfil,RNM148
Ciencias Exactas y Naturales  ,22, FRANCISCO CARRASCO MARIN,3782,30,Perfil,RNM172
Ciencias Exactas y Naturales  ,23, JESUS SANCHEZ-DEHESA MORENO-CID,3552,31,Perfil,FQM207
Ciencias Exactas y Naturales  ,24, LUIS FERMIN CAPITAN VALLVEY,3541,29,Perfil,FQM118
Ciencias Exactas y Naturales  ,25, LUCAS ALADOS ARBOLEDAS,3489,33,Perfil,RNM119
Ciencias Exactas y Naturales  ,26, MANUEL PEREZ-VICTORIA MORENO DE BARREDA,3415,27,Perfil,FQM101
Ciencias Exactas y Naturales  ,27, LORENZO LUIS SALCEDO MORENO,3210,29,Perfil,FQM225
Ciencias Exactas y Naturales  ,28, JOSE SANTIAGO PEREZ,2951,30,Perfil,FQM101
Ciencias Exactas y Naturales  ,29, FERNANDO GONZALEZ CABALLERO,2871,27,Perfil,FQM144
Ciencias Exactas y Naturales  ,30, FRANCISCO JOSE MALDONADO HODAR,2618,27,Perfil,RNM172
Ciencias Exactas y Naturales  ,31, ALBERTO NAVALON MONTON,2593,30,Perfil,FQM338
Ciencias Exactas y Naturales  ,32, MARIA CARMEN GARCIA RECIO,2329,24,Perfil,FQM225
Ciencias Exactas y Naturales  ,33, JESUS GALINDO ZALDIVAR,2301,26,Perfil,RNM148
Ciencias Exactas y Naturales  ,34, FRANCISCO SANTOYO GONZALEZ,2210,28,Perfil,FQM208
Ciencias Exactas y Naturales  ,35, FRANCISCO JOSE OLMO REYES,2162,26,Perfil,RNM119
Ciencias Exactas y Naturales  ,36, JAVIER LOPEZ ALBACETE,2108,19,Perfil,FQM101
Ciencias Exactas y Naturales  ,37, MIGUEL SANCHEZ CAJA,2075,23,Perfil,FQM324
Ciencias Exactas y Naturales  ,38, MIGUEL ANGEL CABRERIZO VILCHEZ,2056,27,Perfil,FQM115
Ciencias Exactas y Naturales  ,39, MARIA ELVIRA GAMIZ SÁNCHEZ,2036,24,Perfil,FQM101
Ciencias Exactas y Naturales  ,40, JOSE ENRIQUE AMARO SORIANO,2020,26,Perfil,FQM225
Ciencias Exactas y Naturales  ,41, PEDRO JOSE TORRES VILLARROYA,1864,22,Perfil,FQM183
Ciencias Exactas y Naturales  ,42, JUAN MANUEL CUERVA CARVAJAL,1863,24,Perfil,FQM340
Ciencias Exactas y Naturales  ,43, NIKOLAY BOJKOV VASSILEV,1765,27,Perfil,AGR269
Ciencias Exactas y Naturales  ,44, JOSE MIGUEL AZAÑON HERNANDEZ,1737,22,Perfil,RNM148
Ciencias Exactas y Naturales  ,45, JUAN DE VICENTE ALVAREZ-MANZANEDA,1701,24,Perfil,FQM115
Ciencias Exactas y Naturales  ,46, ANGEL RODRIGUEZ PALACIOS,1670,23,Perfil,FQM199
Ciencias Exactas y Naturales  ,47, MANUEL MASIP MELLADO,1627,21,Perfil,FQM101
Ciencias Exactas y Naturales  ,48, FRANCISCA MARTINEZ RUIZ,1611,22,Perfil,RNM179
Ciencias Exactas y Naturales  ,49, JESUS MIGUEL IBAÑEZ GODOY,1546,23,Perfil,RNM104
Ciencias Exactas y Naturales  ,50, ALFONSO ROMERO SARABIA,1474,20,Perfil,FQM324
Ciencias Exactas y Naturales  ,51, MARIA JESUS ESTEBAN PARRA,1437,18,Perfil,RNM119
Ciencias Exactas y Naturales  ,52, IRENE LUQUE FERNANDEZ,1415,16,Perfil,FQM171
Ciencias Exactas y Naturales  ,53, FERNANDO HERNANDEZ MATEO,1394,19,Perfil,FQM208
Ciencias Exactas y Naturales  ,54, ISABEL RECHE CAÑABATE,1245,20,Perfil,RNM125
Ciencias Exactas y Naturales  ,55, PEDRO ABELARDO GARCIA SANCHEZ,1213,17,Perfil,FQM343
Ciencias Exactas y Naturales  ,56, AGUSTIN FRANCISCO PEREZ CADENAS,1180,20,Perfil,RNM172
Ciencias Exactas y Naturales  ,57, FERNANDO NIETO GARCIA,1177,20,Perfil,RNM179
Ciencias Exactas y Naturales  ,58, JOSE RAFAEL JUSTICIA LADRON DE GUEVARA,1097,17,Perfil,FQM367
Ciencias Exactas y Naturales  ,59, JOSE SANDOVAL GABARRON,1091,18,Perfil,RNM373
Ciencias Exactas y Naturales  ,60, DAVID ARRAEZ ROMAN,1090,20,Perfil,FQM297
Ciencias Exactas y Naturales  ,61, JORGE JIMENEZ VICENTE,1074,15,Perfil,FQM108
Ciencias Exactas y Naturales  ,62, JOSE IGNACIO ILLANA CALERO,1065,17,Perfil,FQM101
Ciencias Exactas y Naturales  ,63, ALBERTO MARTIN MOLINA,1052,20,Perfil,FQM115
Ciencias Exactas y Naturales  ,64, CARLOTA ESCUTIA DOTTI,1023,16,Perfil,RNM215
Ciencias Exactas y Naturales  ,65, JOSE CALLEJAS FERNANDEZ,1003,19,Perfil,FQM115
Ciencias Exactas y Naturales  ,66, ELVIRA ROMERA GUTIERREZ,965,17,Perfil,FQM165
Ciencias Exactas y Naturales  ,67, JOSE GOMEZ TORRECILLAS,946,17,Perfil,FQM379
Ciencias Exactas y Naturales  ,68, JOAQUIN PEREZ MUÑOZ,939,18,Perfil,FQM325
Ciencias Exactas y Naturales  ,69, JOAQUIN JAVIER TORRES AGUDO,936,17,Perfil,FQM165
Ciencias Exactas y Naturales  ,70, DUANE CHOQUESILLO LAZARTE,922,17,Perfil,FQM283
Ciencias Exactas y Naturales  ,71, MIGUEL ORTEGA HUERTAS,919,18,Perfil,RNM179
Ciencias Exactas y Naturales  ,72, MODESTO TORCUATO LOPEZ LOPEZ,913,19,Perfil,FQM144
Ciencias Exactas y Naturales  ,73, JAVIER HERNANDEZ ANDRES,909,16,Perfil,FQM151
Ciencias Exactas y Naturales  ,74, ANA MARIA AGUILERA DEL PINO,895,16,Perfil,FQM307
Ciencias Exactas y Naturales  ,75, SALVADOR GONZALEZ GARCIA,886,17,Perfil,TIC131
Ciencias Exactas y Naturales  ,76, JORGE FERNANDO FERNANDEZ SANCHEZ,855,19,Perfil,FQM297
Ciencias Exactas y Naturales  ,77, HASSAN LYAMANI,850,15,Perfil,RNM119
Ciencias Exactas y Naturales  ,77, PABLO IGNACIO HURTADO FERNANDEZ,850,13,Perfil,FQM165
Ciencias Exactas y Naturales  ,79, JULIA MALDONADO VALDERRAMA,842,17,Perfil,FQM115
Ciencias Exactas y Naturales  ,80, FRANCISCO JAVIER ALMENDROS GONZALEZ,783,16,Perfil,RNM104
Ciencias Exactas y Naturales  ,81, JOSE FRANCISCO MOLINA PALMA,704,14,Perfil,RNM302
Ciencias Exactas y Naturales  ,82, GREGORIO MORENO RUEDA,703,16,Perfil,RNM299
Ciencias Exactas y Naturales  ,83, MIGUEL MARTIN SUAREZ,692,15,Perfil,FQM185
Ciencias Exactas y Naturales  ,84, MARTA ANGUIANO MILLAN,688,14,Perfil,FQM220
Ciencias Exactas y Naturales  ,85, ANTONIO MARTIN ANDRES,683,13,Perfil,FQM235
Ciencias Exactas y Naturales  ,86, MARIA ROSARIO GONZALEZ FEREZ,650,16,Perfil,FQM207
Ciencias Exactas y Naturales  ,87, ANTONIO MARTINEZ CEGARRA,623,15,Perfil,FQM168
Ciencias Exactas y Naturales  ,88, MARIA DEL SORRIBAS PANERO,586,14,Perfil,SINGRUPO
Ciencias Exactas y Naturales  ,89, ARTURO MONCHO JORDA,582,16,Perfil,FQM115
Ciencias Exactas y Naturales  ,89, MARIA LUISA JIMENEZ OLIVARES,582,13,Perfil,FQM144
Ciencias Exactas y Naturales  ,91, JOSE ANTONIO GALVEZ LOPEZ,579,14,Perfil,FQM325
Ciencias Exactas y Naturales  ,92, GUILLERMO BOOTH REA,560,13,Perfil,RNM148
Ciencias Exactas y Naturales  ,93, MIGUEL ANGEL PIÑAR GONZÁLEZ,521,15,Perfil,FQM229
Ciencias Exactas y Naturales  ,94, ANTONIO MIGUEL PERALTA PEREIRA,508,12,Perfil,FQM375
Ciencias Exactas y Naturales  ,95, ANTONIO MARIA GUADIX ESCOBAR,494,12,Perfil,BIO110
Ciencias Exactas y Naturales  ,95, MIGUEL ANGEL RODRIGUEZ VALVERDE,494,12,Perfil,FQM115
Ciencias Exactas y Naturales  ,97, MANUEL CALIXTO MOLINA,481,12,Perfil,FQM219
Ciencias Exactas y Naturales  ,98, MIGUEL PASADAS FERNANDEZ,466,10,Perfil,FQM191
Ciencias Exactas y Naturales  ,99, JOSE ANTONIO DIAZ NAVAS,445,11,Perfil,FQM151
Ciencias Exactas y Naturales  ,100, FRANCISCO MARTIN SERRANO,423,13,Perfil,FQM324
Ciencias Exactas y Naturales  ,101, RAFAEL BAILON MORENO,419,13,Perfil,TEP028
Ciencias Exactas y Naturales  ,102, LUIS ALVAREZ DE CIENFUEGOS RODRIGUEZ,414,11,Perfil,FQM367
Ciencias Exactas y Naturales  ,103, MIGUEL COMPANY SEMPERE,413,11,Perfil,RNM178
Ciencias Exactas y Naturales  ,104, ANTONIO ACOSTA VIGIL,375,12,Perfil,RNM145
Ciencias Exactas y Naturales  ,105, JOSE MANUEL DELGADO LOPEZ,372,12,Perfil,RNM143
Ciencias Exactas y Naturales  ,106, PASCUAL JARA MARTINEZ,365,12,Perfil,FQM266
Ciencias Exactas y Naturales  ,107, GERMAN LUZON GONZÁLEZ,362,11,Perfil,TEP212
Ciencias Exactas y Naturales  ,108, FRANCISCO MILAN LOPEZ,355,10,Perfil,FQM325
Ciencias Exactas y Naturales  ,109, JOSE JUAN CASTRO TORRES,340,11,Perfil,FQM151
Ciencias Exactas y Naturales  ,110, ALBERTO CAZORLA CABRERA,335,11,Perfil,RNM119
Ciencias Exactas y Naturales  ,111, JOSE VICENTE PEREZ PEÑA,309,10,Perfil,RNM148
Ciencias Exactas y Naturales  ,112, JUAN LUIS GUERRERO RASCADO,304,10,Perfil,RNM119
Ciencias Exactas y Naturales  ,112, PEDRO JESUS FEMIA MARZO,304,10,Perfil,FQM235
Ciencias Exactas y Naturales  ,114, JUAN MANUEL PERALTA SANCHEZ,294,10,Perfil,RNM340
Ciencias Exactas y Naturales  ,115, FRANCISCO MARTINEZ LOPEZ,286,8,Perfil,FQM115
Ciencias Exactas y Naturales  ,116, SALVADOR FERNANDEZ ARROYO,276,11,Perfil,AGR274
Ciencias Exactas y Naturales  ,117, JUAN ELOY RUIZ CASTRO,236,9,Perfil,FQM307
Ciencias Exactas y Naturales  ,118, JESUS LOZANO SANCHEZ,224,10,Perfil,AGR274
Ciencias Exactas y Naturales  ,119, MIGUEL GARCIA ROMAN,216,8,Perfil,TEP212
Ciencias Exactas y Naturales  ,119, OSCAR PEREZ PRIEGO,216,6,Perfil,RNM119
Ciencias Exactas y Naturales  ,121, PAOLO MORETTI,210,8,Perfil,FQM165
Ciencias Exactas y Naturales  ,122, ANTONIO GARCIA JEREZ,189,8,Perfil,RNM194
Ciencias Exactas y Naturales  ,123, MARIA JOSE IBAÑEZ PEREZ,183,8,Perfil,FQM191
Ciencias Exactas y Naturales  ,124, LUIS ANTONIO GONZALEZ RAMIREZ,176,7,Perfil,RNM143
Ciencias Exactas y Naturales  ,125, MIGUEL ORTEGA TITOS,173,7,Perfil,FQM324
Ciencias Exactas y Naturales  ,126, FRANCISCO JAVIER BONET GARCIA,170,7,Perfil,RNM220
Ciencias Exactas y Naturales  ,127, JUAN DE DIOS FERNANDEZ CARMONA,166,4,Perfil,RNM220
Ciencias Exactas y Naturales  ,128, ANGEL PUGA BERNABEU,161,9,Perfil,RNM190
Ciencias Exactas y Naturales  ,129, ASIER HERRERO MENDEZ,149,5,Perfil,RNM220
Ciencias Exactas y Naturales  ,129, GUILLERMO RAMON IGLESIAS SALTO,149,6,Perfil,FQM144
Ciencias Exactas y Naturales  ,131, PAULA RODRIGUEZ BOUZAS,146,7,Perfil,FQM307
Ciencias Exactas y Naturales  ,132, FRANCISCO JAVIER LOBILLO BORRERO,145,8,Perfil,FQM379
Ciencias Exactas y Naturales  ,133, TOMMASO LEONORI,144,7,Perfil,FQM116
Ciencias Exactas y Naturales  ,134, JUAN CARLOS FERNANDEZ TOLEDANO,143,6,Perfil,FQM115
Ciencias Exactas y Naturales  ,135, DEISI ALTMAJER VAZ,139,7,Perfil,RNM332
Ciencias Exactas y Naturales  ,136, BLAS M. BENITO DE PANDO,122,5,Perfil,RNM220
Ciencias Exactas y Naturales  ,137, ENRIQUE PEREZ SANCHEZ-CAÑETE,109,6,Perfil,RNM119
Ciencias Exactas y Naturales  ,138, Mª TERESA TEIXIDO ULLOD,107,5,Perfil,RNM104
Ciencias Exactas y Naturales  ,139, JORGE JOSE GARCES PEREZ,100,4,Perfil,FQM375
Ciencias Exactas y Naturales  ,140, ARANZAZU MORALES SOTO,99,4,Perfil,FQM297
Ciencias Exactas y Naturales  ,140, CARMEN ENRIQUE MIRON,99,6,Perfil,HUM613
Ciencias Exactas y Naturales  ,142, LUIS MANUEL DIAZ ANGULO,98,6,Perfil,TIC131
Ciencias Exactas y Naturales  ,143, RODRIGO NAVARRO PEREZ,84,5,Perfil,FQM225
Ciencias Exactas y Naturales  ,144, PEDRO GONZALEZ RODELAS,72,6,Perfil,FQM191
Ciencias Exactas y Naturales  ,145, JUAN JOSE OMISTE ROMERO,65,5,Perfil,FQM207
Ciencias Exactas y Naturales  ,146, CARLOS PEREZ ESPIGARES,64,5,Perfil,FQM165
Ciencias Exactas y Naturales  ,147, FRANCISCO TORRALBO TORRALBO,61,5,Perfil,FQM325
Ciencias Exactas y Naturales  ,148, JUAN ANTONIO BRAVO ARANDA,60,4,Perfil,RNM119
Ciencias Exactas y Naturales  ,149, PETER ALEXANDER BOUVRIE MORALES,55,4,Perfil,FQM020
Ciencias Exactas y Naturales  ,150, IBRAHIM ABU REIDAH,54,4,Perfil,FQM297
Ciencias Exactas y Naturales  ,150, MIGUEL ANGEL MONTERO ALONSO,54,5,Perfil,FQM235
Ciencias Exactas y Naturales  ,152, MARIA JOSE GRANADOS MUÑOZ,52,4,Perfil,RNM119
Ciencias Exactas y Naturales  ,153, FLAVIO GIACONIA,42,5,Perfil,RNM148
Ciencias Exactas y Naturales  ,154, GLORIA TITOS VELA,41,4,Perfil,RNM119
Ciencias Exactas y Naturales  ,155, ALEXANDRO B LEVERKUS,40,4,Perfil,RNM220
Ciencias Exactas y Naturales  ,156, JOSE MIGUEL MANZANO PREGO,39,3,Perfil,FQM325
Ciencias Exactas y Naturales  ,157, JUAN ANTONIO MORENO MORENO,38,2,Perfil,RNM302
Ciencias Exactas y Naturales  ,158, JOSE NOEL PEREZ ASENSIO,37,4,Perfil,RNM190
Ciencias Exactas y Naturales  ,159, VICENTE SABIDO RIVERO,36,3,Perfil,HUM186
Ciencias Exactas y Naturales  ,160, KATARZYNA RUDZKA,35,4,Perfil,FQM144
Ciencias Exactas y Naturales  ,161, NURIA RICO CASTRO,28,3,Perfil,FQM147
Ciencias Exactas y Naturales  ,162, AITOR CAMBESES TORRES,24,3,Perfil,RNM302
Ciencias Exactas y Naturales  ,163, ANTONIO JESUS PEREZ LUQUE,23,3,Perfil,RNM220
Ciencias Exactas y Naturales  ,164, BARTOLOME OLIVER RODRIGUEZ,22,2,Perfil,FQM338
Ciencias Exactas y Naturales  ,165, CELIA RODRIGUEZ PEREZ,19,2,Perfil,FQM297
Ciencias Exactas y Naturales  ,166, ALEJANDRO DIAZ MORENO,14,1,Perfil,RNM104
Ciencias Exactas y Naturales  ,166, MANUEL SANCHEZ CASTILLO,14,1,Perfil,TIC104
Ciencias Exactas y Naturales  ,168, BENJAMIN ALARCON HEREDIA,11,3,Perfil,FQM168
Ciencias Exactas y Naturales  ,168, JORGE AGUILERA HIDALGO,11,1,Perfil,FQM165
Ciencias Exactas y Naturales  ,170, MIGUEL ANGEL FERNANDEZ RODRIGUEZ,10,2,Perfil,FQM115
Ciencias Exactas y Naturales  ,171, SATURNINA HENARES LADRON DE GUEVARA,9,2,Perfil,RNM369
Ciencias Exactas y Naturales  ,172, JAVIER DORADOR RODRIGUEZ,7,2,Perfil,SINGRUPO
Ciencias Exactas y Naturales  ,173, MARIA ASUNCION JIMENEZ GRANDE,6,2,Perfil,FQM325
Ciencias Exactas y Naturales  ,174, LOURDES MORENO MERIDA,2,1,Perfil,FQM116
Ciencias Exactas y Naturales  ,175, ADOLFO LOPEZ CARMONA,0,0,Perfil,SINGRUPO
Ciencias Exactas y Naturales  ,175, FRANCISCO JOSE MARTIN PEINADO,0,0,Perfil,RNM269
Ciencias Humanas y Artes  ,1, PAMELA BLANCHARD FABER BENITEZ,1289,20,Perfil,HUM122
Ciencias Humanas y Artes  ,2, F. JAVIER GARCIA CASTAÑO,918,13,Perfil,SEJ123
Ciencias Humanas y Artes  ,3, FRANCISCO GAMELLA MORA,635,14,Perfil,SEJ208
Ciencias Humanas y Artes  ,4, Mª JOSE DE CORDOBA SERRANO,547,11,Perfil,SEJ497
Ciencias Humanas y Artes  ,5, FRANCISCO A. MUÑOZ MUÑOZ,533,10,Perfil,HUM607
Ciencias Humanas y Artes  ,6, JUAN ANTONIO PACHON ROMERO,490,12,Perfil,HUM143
Ciencias Humanas y Artes  ,7, JOSE ANTONIO GONZALEZ ALCANTUD,425,9,Perfil,HUM584
Ciencias Humanas y Artes  ,8, CRISTOBAL LOZANO,382,11,Perfil,HUM058
Ciencias Humanas y Artes  ,9, JUAN ANTONIO ESTRADA DIAZ,359,10,Perfil,SEJ126
Ciencias Humanas y Artes  ,10, JOSE ANTONIO PEÑA RUANO,323,11,Perfil,RNM104
Ciencias Humanas y Artes  ,11, MARIO NICOLAS LOPEZ MARTINEZ,284,8,Perfil,HUM828
Ciencias Humanas y Artes  ,12, FRANCISCO JIMENEZ BAUTISTA,279,10,Perfil,SEJ208
Ciencias Humanas y Artes  ,13, PILAR LEON ARAUZ,260,7,Perfil,HUM122
Ciencias Humanas y Artes  ,14, PEDRO GOMEZ GARCIA,249,9,Perfil,SEJ126
Ciencias Humanas y Artes  ,15, MARIA ISABEL TERCEDOR SANCHEZ,227,9,Perfil,HUM122
Ciencias Humanas y Artes  ,16, CLARA INES LOPEZ RODRIGUEZ,219,8,Perfil,HUM122
Ciencias Humanas y Artes  ,17, MARIA TERESA CAMACHO OLMEDO,194,8,Perfil,SEJ170
Ciencias Humanas y Artes  ,18, AMPARO FERRER RODRIGUEZ,187,7,Perfil,HUM662
Ciencias Humanas y Artes  ,19, FRANCISCO EMILIO MOLERO MELGAREJO,184,7,Perfil,RNM357
Ciencias Humanas y Artes  ,20, ALEJANDRO CASTAÑEDA CASTRO,178,6,Perfil,HUM559
Ciencias Humanas y Artes  ,21, LUIS SAEZ RUEDA,152,6,Perfil,HUM188
Ciencias Humanas y Artes  ,22, AURORA ALVAREZ VEINGUER,150,6,Perfil,SEJ123
Ciencias Humanas y Artes  ,23, ESTEBAN TOMAS MONTORO DEL ARCO,138,6,Perfil,HUM430
Ciencias Humanas y Artes  ,24, MARIA RUBIO GOMEZ,127,4,Perfil,SEJ123
Ciencias Humanas y Artes  ,25, MARIA ISABEL FERNANDEZ GARCIA,122,6,Perfil,HUM798
Ciencias Humanas y Artes  ,26, A. MIGUEL CALDERON CAMPOS,121,6,Perfil,HUM278
Ciencias Humanas y Artes  ,27, BRYAN JOHN ROBINSON FRYER,118,7,Perfil,HUM466
Ciencias Humanas y Artes  ,27, REMEDIOS AVILA CRESPO,118,5,Perfil,SEJ126
Ciencias Humanas y Artes  ,29, CATHERINE LOUISE WAY,104,7,Perfil,HUM763
Ciencias Humanas y Artes  ,30, ALBERTO MATARAN RUIZ,102,4,Perfil,HUM810
Ciencias Humanas y Artes  ,31, FRANCISCO SALVADOR VENTURA,91,5,Perfil,HUM870
Ciencias Humanas y Artes  ,32, DOLORES SANCHEZ,88,6,Perfil,HUM763
Ciencias Humanas y Artes  ,33, CARMELO PEREZ BELTRAN,86,6,Perfil,HUM108
Ciencias Humanas y Artes  ,34, EUGENIO CEJUDO GARCIA,75,5,Perfil,HUM355
Ciencias Humanas y Artes  ,35, ANTONIA OLMOS ALCARAZ,71,4,Perfil,SEJ123
Ciencias Humanas y Artes  ,36, FRANCISCO JOSE MANJON POZAS,69,5,Perfil,HUM422
Ciencias Humanas y Artes  ,37, MANUEL CARMELO FERIA GARCIA,65,4,Perfil,HUM038
Ciencias Humanas y Artes  ,38, SILVIA PARRA GALIANO,63,4,Perfil,HUM763
Ciencias Humanas y Artes  ,39, MANUEL ESPINAR MORENO,60,4,Perfil,HUM165
Ciencias Humanas y Artes  ,40, FRANCISCO JAVIER SUSO LOPEZ,56,4,Perfil,HUM354
Ciencias Humanas y Artes  ,41, EMILIO MARTINEZ IBARRA,54,4,Perfil,SEJ170
Ciencias Humanas y Artes  ,42, LILIAN BERMEJO LUQUE,52,5,Perfil,HUM828
Ciencias Humanas y Artes  ,43, ELENA ARIGITA MAZA,50,4,Perfil,HUM108
Ciencias Humanas y Artes  ,44, ALBERTO GARCIA PORRAS,46,4,Perfil,HUM162
Ciencias Humanas y Artes  ,45, JOSE GOMEZ ZOTANO,38,4,Perfil,SEJ170
Ciencias Humanas y Artes  ,46, MIRIAM BUENDIA CASTRO,33,3,Perfil,HUM122
Ciencias Humanas y Artes  ,47, ESTER MASSO GUIJARRO,32,3,Perfil,SEJ126
Ciencias Humanas y Artes  ,48, MARIA CARMEN CASTILLA VAZQUEZ,28,3,Perfil,SEJ126
Ciencias Humanas y Artes  ,48, PEDRO PABLO FUENTES GONZALEZ,28,3,Perfil,HUM250
Ciencias Humanas y Artes  ,50, JOSE MANUEL RODRIGUEZ DOMINGO,26,2,Perfil,HUM222
Ciencias Humanas y Artes  ,51, ANA BELEN PELEGRINA ORTIZ,25,3,Perfil,HUM122
Ciencias Humanas y Artes  ,52, JUNCAL GUTIERREZ ARTACHO,22,3,Perfil,HUM466
Ciencias Humanas y Artes  ,53, ANGELA ALAMEDA HERNÁNDEZ,21,3,Perfil,HUM641
Ciencias Humanas y Artes  ,54, CRISTINA LACHAT LEAL,19,3,Perfil,HUM815
Ciencias Humanas y Artes  ,54, MAURICIO DAMIAN AGUILERA LINDE,19,2,Perfil,HUM424
Ciencias Humanas y Artes  ,56, MARIA JOSE SANCHEZ MONTES,18,3,Perfil,HUM363
Ciencias Humanas y Artes  ,57, AMELINA CORREA RAMON,17,2,Perfil,HUM186
Ciencias Humanas y Artes  ,57, DAVID GARCIA CUETO,17,3,Perfil,HUM222
Ciencias Humanas y Artes  ,59, JULIO MIGUEL ROMAN PUNZON,12,2,Perfil,HUM143
Ciencias Humanas y Artes  ,59, OLALLA GARCIA BECERRA,12,2,Perfil,HUM560
Ciencias Humanas y Artes  ,61, JOSE FERNANDEZ ECHEVERRIA,11,1,Perfil,SEJ123
Ciencias Humanas y Artes  ,61, JUAN MANUEL MARTIN GARCIA,11,2,Perfil,HUM222
Ciencias Humanas y Artes  ,63, RAFAEL REINOSO BELLIDO,10,2,Perfil,RNM357
Ciencias Humanas y Artes  ,64, EVA MARIA MORALES RODRIGUEZ,9,2,Perfil,HUM215
Ciencias Humanas y Artes  ,64, PATRICIA GARCIA SALAS,9,2,Perfil,FQM297
Ciencias Humanas y Artes  ,66, BENAMI BARROS GARCIA,8,2,Perfil,HUM417
Ciencias Humanas y Artes  ,66, RUBEN TALAVERA GARCIA,8,2,Perfil,RNM034
Ciencias Humanas y Artes  ,68, ENRIQUE JAVIER VERCHER GARCIA,7,2,Perfil,HUM417
Ciencias Humanas y Artes  ,68, MIGUEL MORENO MUÑOZ,7,1,Perfil,HUM828
Ciencias Humanas y Artes  ,70, ANA MARIA GOMEZ ROMAN,6,1,Perfil,HUM222
Ciencias Humanas y Artes  ,70, DAVID RUIZ TORRES,6,1,Perfil,HUM806
Ciencias Humanas y Artes  ,72, DAVID CABRERA MANZANO,5,2,Perfil,RNM357
Ciencias Humanas y Artes  ,72, LUIS MIGUEL SANCHEZ ESCOLANO,5,1,Perfil,SEJ170
Ciencias Humanas y Artes  ,72, MARINA GONZALEZ SANZ,5,1,Perfil,HUM659
Ciencias Humanas y Artes  ,75, FRANCISCO JAVIER ABARCA ALVAREZ,4,1,Perfil,RNM357
Ciencias Humanas y Artes  ,75, FRANCISCO JOSE SANCHEZ GARCIA,4,1,Perfil,HUM060
Ciencias Humanas y Artes  ,75, JOSE JUAN CABALLERO BARQUERO,4,1,Perfil,BIO212
Ciencias Humanas y Artes  ,75, MARIA DE LOS REYES GONZALEZ VIDA,4,1,Perfil,HUM611
Ciencias Humanas y Artes  ,79, ANGEL FERNANDEZ AVIDAD,3,1,Perfil,HUM274
Ciencias Humanas y Artes  ,79, ENRIQUE F. QUERO GERVILLA,3,1,Perfil,HUM417
Ciencias Humanas y Artes  ,79, EVA MARIA GOMEZ JIMENEZ,3,1,Perfil,HUM439
Ciencias Humanas y Artes  ,79, JAN-HENDRIK OPDENHOFF,3,1,Perfil,HUM737
Ciencias Humanas y Artes  ,79, JUAN CARLOS GOMEZ VARGAS,3,1,Perfil,HUM637
Ciencias Humanas y Artes  ,79, Mª CARMEN ALBERDI URQUIZU,3,1,Perfil,HUM354
Ciencias Humanas y Artes  ,85, OSCAR SALGUERO MONTAÑO,2,1,Perfil,SEJ126
Ciencias Humanas y Artes  ,86, GIUSEPPE BELUSCHI FABENI,1,1,Perfil,SINGRUPO
Ciencias Humanas y Artes  ,86, GUILLERMO GARCIA-CONTRERAS RUIZ,1,1,Perfil,HUM162
Ciencias Humanas y Artes  ,86, JOSE MARIA GOMEZ DELGADO,1,1,Perfil,HUM432
Ciencias Humanas y Artes  ,86, MARIA AURORA MOLINA FAJARDO,1,1,Perfil,HUM222
Ciencias Humanas y Artes  ,90, DILIANA IVANOVA KOVATCHEVA,0,0,Perfil,HUM728
Ciencias Humanas y Artes  ,90, ELENA ALCALDE PEÑALVER,0,0,Perfil,HUM763
Ciencias Humanas y Artes  ,90, FRANCISCO LUIS BAÑOS TORRES,0,0,Perfil,HUM211
Ciencias Humanas y Artes  ,90, ISABEL Mª ANDRES CUEVAS,0,0,Perfil,HUM592
Ciencias Humanas y Artes  ,90, JAVIER CONTRERAS BECERRA,0,0,Perfil,HUM681
Ciencias Humanas y Artes  ,90, JOSE MIGUEL FUENTES MARTIN,0,0,Perfil,HUM228
Ciencias Humanas y Artes  ,90, JUAN CARLOS REINA FERNANDEZ,0,0,Perfil,HUM813
Ciencias Humanas y Artes  ,90, LAROSI HAIDAR,0,0,Perfil,HUM835
Ciencias Humanas y Artes  ,90, LAURA GISELA PEREZ SANTANA,0,0,Perfil,SEJ430
Ciencias Humanas y Artes  ,90, LUIS DAVID RIVERO MORENO,0,0,Perfil,HUM736
Ciencias Humanas y Artes  ,90, MARIA DEL PILAR TUDELA VAZQUEZ,0,0,Perfil,SEJ430
Ciencias de la Salud  ,1, ANGEL GIL HERNANDEZ,9353,51,Perfil,CTS461
Ciencias de la Salud  ,2, ANTONIO ZARZUELO ZURITA,8281,51,Perfil,CTS164
Ciencias de la Salud  ,3, JONATAN RUIZ RUIZ,7190,49,Perfil,CTS977
Ciencias de la Salud  ,4, FRANCISCO B. ORTEGA PORCEL,7123,44,Perfil,CTS977
Ciencias de la Salud  ,5, DARIO ACUÑA CASTROVIEJO,6772,48,Perfil,CTS101
Ciencias de la Salud  ,6, GERMAINE ESCAMES ROSA,5118,43,Perfil,CTS101
Ciencias de la Salud  ,7, JUAN LUPIAÑEZ CASTILLO,3960,33,Perfil,HUM379
Ciencias de la Salud  ,8, JOSEFA LEON LOPEZ,3894,32,Perfil,CTS227
Ciencias de la Salud  ,9, FRANCISCO NOGALES FERNANDEZ,3643,33,Perfil,CTS196
Ciencias de la Salud  ,10, VICENTE ENRIQUE CABALLO MANRIQUE,3382,28,Perfil,CTS427
Ciencias de la Salud  ,11, M. ROSARIO RUEDA CUERVA,2933,16,Perfil,HUM379
Ciencias de la Salud  ,12, FRANCISCO J. O'VALLE RAVASSA,2847,32,Perfil,CTS138
Ciencias de la Salud  ,13, LUIS CARLOS LOPEZ GARCIA,2599,32,Perfil,CTS101
Ciencias de la Salud  ,14, FERMIN SANCHEZ DE MEDINA,2029,25,Perfil,CTS235
Ciencias de la Salud  ,15, JUANA PEREZ TORRES,1978,21,Perfil,BIO318
Ciencias de la Salud  ,16, MARIA DOLORES SUAREZ ORTEGA,1968,24,Perfil,CTS235
Ciencias de la Salud  ,17, JESUS FRANCISCO RODRIGUEZ HUERTAS,1744,28,Perfil,CTS454
Ciencias de la Salud  ,18, OLGA MARTINEZ AUGUSTIN,1679,24,Perfil,CTS235
Ciencias de la Salud  ,19, ROSA PULGAR ENCINAS,1662,11,Perfil,CTS356
Ciencias de la Salud  ,20, MARIA BELEN RODELAS GONZALEZ,1572,22,Perfil,RNM270
Ciencias de la Salud  ,21, ANGELES RUIZ EXTREMERA,1550,16,Perfil,CTS227
Ciencias de la Salud  ,22, ANDRES CATENA MARTINEZ,1532,20,Perfil,CTS176
Ciencias de la Salud  ,23, JOSE GUTIERREZ FERNANDEZ,1467,20,Perfil,CTS521
Ciencias de la Salud  ,24, PABLO ANTONIO GALINDO MORENO,1464,19,Perfil,CTS583
Ciencias de la Salud  ,25, JOSE JUAN CAÑAS DELGADO,1452,20,Perfil,HUM687
Ciencias de la Salud  ,26, MANUEL GURPEGUI FERNANDEZ DE LEGARIA,1329,23,Perfil,CTS549
Ciencias de la Salud  ,27, JOSE ANGEL RUFIAN HENARES,1271,22,Perfil,AGR141
Ciencias de la Salud  ,28, EMILIO MARTINEZ DE VITORIA MUÑOZ,1255,14,Perfil,SINGRUPO
Ciencias de la Salud  ,29, PILAR ARANDA RAMIREZ,1225,20,Perfil,AGR145
Ciencias de la Salud  ,30, ROSARIO JIMENEZ MOLEON,1134,16,Perfil,CTS164
Ciencias de la Salud  ,31, JULIO JOSE OCHOA HERRERA,1056,22,Perfil,CTS627
Ciencias de la Salud  ,32, RAFAEL SALTO GONZALEZ,1033,17,Perfil,BIO212
Ciencias de la Salud  ,33, ANGEL CORREA TORRES,1015,16,Perfil,HUM957
Ciencias de la Salud  ,34, MANUEL AMEZCUA MARTINEZ,1001,14,Perfil,SEJ126
Ciencias de la Salud  ,35, ANGEL ORTE GUTIERREZ,976,17,Perfil,FQM247
Ciencias de la Salud  ,36, ANTONIO MALDONADO LOPEZ,886,18,Perfil,CTS176
Ciencias de la Salud  ,37, DANIEL SANABRIA LUCENA,806,18,Perfil,HUM957
Ciencias de la Salud  ,38, JUAN JOSE DIAZ MOCHON,776,18,Perfil,CTS987
Ciencias de la Salud  ,39, ENRIQUE JOSE COBOS DEL MORAL,775,14,Perfil,CTS109
Ciencias de la Salud  ,40, PABLO TERCEDOR SANCHEZ,770,13,Perfil,HUM161
Ciencias de la Salud  ,41, PALMA CHILLON GARZON,757,15,Perfil,CTS977
Ciencias de la Salud  ,42, JULIO SANTIAGO TORRES,741,14,Perfil,HUM379
Ciencias de la Salud  ,43, ANTONIO CANDIDO ORTIZ,716,15,Perfil,CTS176
Ciencias de la Salud  ,44, MAXIMINO MANZANERA RUIZ,679,14,Perfil,RNM270
Ciencias de la Salud  ,45, Mª DOLORES RUIZ LOPEZ,671,13,Perfil,AGR141
Ciencias de la Salud  ,46, JOSE CESAR PERALES LOPEZ,639,13,Perfil,CTS176
Ciencias de la Salud  ,47, FRANCISCO LUIS MESA AGUADO,623,13,Perfil,CTS583
Ciencias de la Salud  ,48, JESUS VICIANA RAMIREZ,614,13,Perfil,HUM764
Ciencias de la Salud  ,49, RAUL ARELLANO COLOMINA,607,12,Perfil,CTS527
Ciencias de la Salud  ,50, AURELIO UREÑA ESPA,586,13,Perfil,CTS362
Ciencias de la Salud  ,51, ANA BELEN CHICA MARTINEZ,583,15,Perfil,HUM379
Ciencias de la Salud  ,52, F. JAVIER ADROHER AUROUX,544,15,Perfil,BIO243
Ciencias de la Salud  ,53, MIGUEL ROMERO PEREZ,503,12,Perfil,CTS164
Ciencias de la Salud  ,54, MIKEL ZABALA DIAZ,472,12,Perfil,HUM957
Ciencias de la Salud  ,55, MARIA MAGDALENA CUENCA GARCIA,446,12,Perfil,CTS262
Ciencias de la Salud  ,56, C.LOURDES DIAZ RODRIGUEZ,437,12,Perfil,BIO277
Ciencias de la Salud  ,57, PAULINO PADIAL PUCHE,431,11,Perfil,SEJ438
Ciencias de la Salud  ,57, TERESA ORTIZ GOMEZ,431,10,Perfil,HUM603
Ciencias de la Salud  ,59, ANTONIO MANUEL MARTIN PLATERO,412,12,Perfil,BIO160
Ciencias de la Salud  ,60, PANDELIS PERAKAKIS,409,10,Perfil,HUM388
Ciencias de la Salud  ,61, FELISA GONZALEZ REYES,400,11,Perfil,HUM784
Ciencias de la Salud  ,62, FRANCISCO NIETO LOPEZ,362,7,Perfil,CTS109
Ciencias de la Salud  ,63, JESUS LOPEZ MEGIAS,358,9,Perfil,HUM289
Ciencias de la Salud  ,64, MIGUEL ANGEL MUÑOZ GARCIA,356,9,Perfil,HUM388
Ciencias de la Salud  ,65, MARIA BELEN FERICHE FERNANDEZ-CASTANYS,335,10,Perfil,SEJ438
Ciencias de la Salud  ,66, INMACULADA GARCIA GARCIA,324,9,Perfil,HUM183
Ciencias de la Salud  ,67, FRANCISCO J. BARRERO HERNANDEZ,313,9,Perfil,CTS438
Ciencias de la Salud  ,68, ADORACION ANTOLI CABRERA,303,9,Perfil,HUM687
Ciencias de la Salud  ,69, CESAR HUESO MONTORO,298,10,Perfil,CTS436
Ciencias de la Salud  ,69, PEDRO MARIA GUERRA MUÑOZ,298,9,Perfil,HUM388
Ciencias de la Salud  ,71, LEANDRO LUIGI DI STASI,274,11,Perfil,HUM687
Ciencias de la Salud  ,72, ROSARIO MORENO-TORRES HERRERA,263,8,Perfil,CTS187
Ciencias de la Salud  ,73, MANUEL GOMEZ GUZMAN,231,8,Perfil,CTS164
Ciencias de la Salud  ,74, ISABEL DE BRUGADA SAURAS,170,8,Perfil,HUM784
Ciencias de la Salud  ,74, LUIS MIGUEL DE PABLOS TORRO,170,7,Perfil,CTS183
Ciencias de la Salud  ,76, ANTONIA - PILAR PACHECO UNGUETTI,163,4,Perfil,HUM379
Ciencias de la Salud  ,77, MIGUEL ANGEL LOPEZ ÁLVAREZ,156,7,Perfil,CTS654
Ciencias de la Salud  ,78, LAURA MORENO LOPEZ,136,6,Perfil,CTS581
Ciencias de la Salud  ,79, DAVID CONTRERAS ROS,134,4,Perfil,CTS176
Ciencias de la Salud  ,80, RAFAEL IGNACIO MADRID LOPEZ,127,4,Perfil,HUM687
Ciencias de la Salud  ,81, CARMEN MARIA GONZALEZ DOMENECH,111,6,Perfil,BIO188
Ciencias de la Salud  ,82, JOSE MARIA HEREDIA JIMENEZ,110,6,Perfil,CTS545
Ciencias de la Salud  ,83, FRANCISCO DIAZ ATIENZA,109,5,Perfil,CTS549
Ciencias de la Salud  ,84, ANTONIO VALENZUELA RUIZ,107,7,Perfil,CTS190
Ciencias de la Salud  ,85, RAFAEL MONTOYA JUAREZ,106,7,Perfil,CTS436
Ciencias de la Salud  ,86, MARIE CARMEN VALENZA,104,6,Perfil,CTS009
Ciencias de la Salud  ,87, ALBERTO MEGIAS ROBLES,77,5,Perfil,CTS176
Ciencias de la Salud  ,88, JUAN BONITCH DOMINGUEZ,74,5,Perfil,SEJ438
Ciencias de la Salud  ,89, MARIA CAROLINA DIAZ PIEDRA,67,4,Perfil,CTS261
Ciencias de la Salud  ,90, Mª ELVIRA DE LUNA BERTOS,53,4,Perfil,BIO277
Ciencias de la Salud  ,91, OSCAR DANIEL RANGEL HUERTA,52,1,Perfil,CTS461
Ciencias de la Salud  ,92, JAVIER RAMOS TORRECILLAS,49,4,Perfil,BIO277
Ciencias de la Salud  ,93, MAURO MARCHITTO,47,4,Perfil,HUM687
Ciencias de la Salud  ,94, MARIA JESUS ALVAREZ CUBERO,46,3,Perfil,BIO253
Ciencias de la Salud  ,95, RAQUEL ESCOBAR MOLINA,45,5,Perfil,HUM844
Ciencias de la Salud  ,96, DAVID GARCIA BURGOS,44,4,Perfil,HUM784
Ciencias de la Salud  ,97, MARIA JULIA MORALES CASTILLO,42,2,Perfil,HUM740
Ciencias de la Salud  ,98, DANIEL CAMILETTI MOIRON,41,4,Perfil,AGR145
Ciencias de la Salud  ,98, MIGUEL ANGEL MARTIN PIEDRA,41,4,Perfil,CTS115
Ciencias de la Salud  ,100, JOSE JOAQUIN MUROS MOLINA,40,4,Perfil,AGR141
Ciencias de la Salud  ,101, ELISA MARTIN-AREVALO,30,3,Perfil,HUM379
Ciencias de la Salud  ,101, VICTOR SEGURA JIMENEZ,30,3,Perfil,CTS545
Ciencias de la Salud  ,103, MARYEM TORRES QUESADA,28,2,Perfil,HUM379
Ciencias de la Salud  ,104, MARTA GIL NAJERA,24,3,Perfil,HUM784
Ciencias de la Salud  ,105, FERNANDO ESTEVEZ LOPEZ,23,3,Perfil,CTS545
Ciencias de la Salud  ,106, JUAN VERDEJO ROMAN,18,3,Perfil,CTS581
Ciencias de la Salud  ,107, IRENE CABRERA MARTOS,16,2,Perfil,CTS009
Ciencias de la Salud  ,108, FRANCISCO JAVIER HUERTAS DELGADO,13,2,Perfil,CTS545
Ciencias de la Salud  ,108, SANDRA LOPEZ LAZARO,13,2,Perfil,CTS112
Ciencias de la Salud  ,110, ANDRES BERNARDO FERNANDEZ REVELLES,12,2,Perfil,HUM161
Ciencias de la Salud  ,110, JAVIER IRURITA OLIVARES,12,2,Perfil,CTS112
Ciencias de la Salud  ,110, MARIO PULIDO MORAN,12,2,Perfil,CTS627
Ciencias de la Salud  ,113, MARIA DEL MAR MORALES HEVIA,11,2,Perfil,SINGRUPO
Ciencias de la Salud  ,114, ALBERTO SORIANO MALDONADO,7,2,Perfil,CTS545
Ciencias de la Salud  ,114, ANTONIO GOMEZ MARTIN,7,2,Perfil,BIO253
Ciencias de la Salud  ,114, ENRIQUE MOLINA MARTIN,7,1,Perfil,HUM957
Ciencias de la Salud  ,114, MANUEL FERNANDEZ ALCÁNTARA,7,2,Perfil,CTS436
Ciencias de la Salud  ,118, JAVIER COUREL IBAÑEZ,6,1,Perfil,HUM844
Ciencias de la Salud  ,119, AZUCENA ORTEGA VALDIVIESO,3,1,Perfil,CTS526
Ciencias de la Salud  ,119, DAFINA PETROVA,3,1,Perfil,CTS176
Ciencias de la Salud  ,119, MARIA BELEN DE RUEDA VILLEN,3,1,Perfil,HUM727
Ciencias de la Salud  ,119, VIRGINIA ANA MARTINEZ RUIZ,3,1,Perfil,CTS137
Ciencias de la Salud  ,123, OLGA OCON HERNANDEZ,1,1,Perfil,CTS515
Ciencias de la Salud  ,124, AMADOR GARCIA RAMOS,0,0,Perfil,SEJ438
Ciencias de la Salud  ,124, ANTONIO MAGAN FERNÁNDEZ,0,0,Perfil,CTS583
Ciencias de la Salud  ,124, BORJA MANUEL MARTINEZ TELLEZ,0,0,Perfil,CTS977
Ciencias de la Salud  ,124, IKER JAVIER BAUTISTA SANCHEZ,0,0,Perfil,CTS642
Ciencias de la Salud  ,124, JOSE RAFAEL MORA GONZALEZ,0,0,Perfil,CTS977
Ciencias de la Salud  ,124, NATALIA BUESO IZQUIERDO,0,0,Perfil,CTS581
Ciencias de la Salud  ,124, PATRICIA NAVARRO PEREZ,0,0,Perfil,HUM603
Ciencias Sociales y Jurídicas  ,1, CARMEN BATANERO BERNABEU,6286,40,Perfil,FQM126
Ciencias Sociales y Jurídicas  ,2, JUAN DIAZ GODINO,5458,39,Perfil,FQM126
Ciencias Sociales y Jurídicas  ,3, ANTONIO BOLIVAR BOTIA,4197,29,Perfil,HUM386
Ciencias Sociales y Jurídicas  ,4, JUAN ALBERTO ARAGON CORREA,3157,18,Perfil,SEJ481
Ciencias Sociales y Jurídicas  ,5, JOSE GUTIERREZ PEREZ,2779,19,Perfil,HUM890
Ciencias Sociales y Jurídicas  ,6, FRANCISCO JAVIER LLORENS MONTES,2713,29,Perfil,SEJ478
Ciencias Sociales y Jurídicas  ,7, SANTIAGO CARBO VALVERDE,2578,22,Perfil,SEJ340
Ciencias Sociales y Jurídicas  ,8, MIGUEL CARLOS MOYA MORALES,2406,24,Perfil,HUM289
Ciencias Sociales y Jurídicas  ,9, LUIS RICO ROMERO,2361,27,Perfil,FQM193
Ciencias Sociales y Jurídicas  ,10, VICTOR FEDERICO HERRERO SOLANA,2244,23,Perfil,SEJ036
Ciencias Sociales y Jurídicas  ,11, EMILIO DELGADO LOPEZ-COZAR,2238,25,Perfil,HUM777
Ciencias Sociales y Jurídicas  ,12, EVARISTO JIMENEZ CONTRERAS,1720,22,Perfil,HUM777
Ciencias Sociales y Jurídicas  ,13, BENJAMIN VARGAS QUESADA,1332,19,Perfil,HUM466
Ciencias Sociales y Jurídicas  ,14, LEONOR BUENDIA EISMAN,1267,13,Perfil,HUM126
Ciencias Sociales y Jurídicas  ,15, JOSE LUIS GALLEGO ORTEGA,1190,14,Perfil,HUM871
Ciencias Sociales y Jurídicas  ,16, DANIEL TORRES SALINAS,1141,19,Perfil,HUM777
Ciencias Sociales y Jurídicas  ,17, FRANCISCO RODRIGUEZ FERNANDEZ,1129,15,Perfil,SEJ340
Ciencias Sociales y Jurídicas  ,18, MARIA PINTO MOLINA,1094,18,Perfil,SEJ510
Ciencias Sociales y Jurídicas  ,19, TEODORO LUQUE MARTINEZ,1050,16,Perfil,SEJ241
Ciencias Sociales y Jurídicas  ,20, PABLO BRAÑAS GARZA,1044,19,Perfil,SEJ492
Ciencias Sociales y Jurídicas  ,21, RAFAEL RUIZ PEREZ,941,17,Perfil,HUM777
Ciencias Sociales y Jurídicas  ,22, FRANCISCO JAVIER PERALES PALACIOS,928,15,Perfil,HUM613
Ciencias Sociales y Jurídicas  ,23, SYLVIA ANA DEFIOR CITOLER,861,15,Perfil,HUM820
Ciencias Sociales y Jurídicas  ,24, JUAN BAUTISTA MARTINEZ RODRIGUEZ,770,11,Perfil,HUM267
Ciencias Sociales y Jurídicas  ,25, MARIA JESUS GALLEGO ARRUFAT,758,14,Perfil,HUM386
Ciencias Sociales y Jurídicas  ,26, JOSE ALBERTO CASTAÑEDA GARCIA,693,12,Perfil,SEJ241
Ciencias Sociales y Jurídicas  ,27, ANTONIO FERNANDEZ CANO,667,13,Perfil,HUM567
Ciencias Sociales y Jurídicas  ,28, FRANCISCO JOSE GONZALEZ GOMEZ,604,13,Perfil,SEJ054
Ciencias Sociales y Jurídicas  ,29, FRANCISCO JOSE (UGR) MARTINEZ LOPEZ,573,11,Perfil,SEJ138
Ciencias Sociales y Jurídicas  ,30, HUMBERTO M. TRUJILLO MENDOZA,554,12,Perfil,HUM735
Ciencias Sociales y Jurídicas  ,31, PILAR BALLARIN DOMINGO,518,11,Perfil,HUM603
Ciencias Sociales y Jurídicas  ,32, JUAN CARLOS FERNANDEZ MOLINA,464,11,Perfil,HUM466
Ciencias Sociales y Jurídicas  ,33, ANTONIO GONZALEZ MOLINA,460,9,Perfil,HUM466
Ciencias Sociales y Jurídicas  ,34, LUIS SERRANO ROMERO,453,12,Perfil,FQM126
Ciencias Sociales y Jurídicas  ,35, FRANCISCO MUÑOZ LEIVA,451,11,Perfil,SEJ241
Ciencias Sociales y Jurídicas  ,35, JAVIER JORDAN ENAMORADO,451,10,Perfil,SEJ113
Ciencias Sociales y Jurídicas  ,37, FERNANDO JESUS TRUJILLO SAEZ,448,11,Perfil,HUM457
Ciencias Sociales y Jurídicas  ,38, EDUARDO PEIS REDONDO,425,9,Perfil,TIC186
Ciencias Sociales y Jurídicas  ,39, RAFAEL ROA GUZMAN,419,10,Perfil,FQM126
Ciencias Sociales y Jurídicas  ,40, EULOGIO CORDON POZO,413,7,Perfil,SEJ481
Ciencias Sociales y Jurídicas  ,41, FRANCISCO ENTRENA DURAN,408,10,Perfil,SEJ129
Ciencias Sociales y Jurídicas  ,41, JOSE LUIS LUPIAÑEZ GOMEZ,408,9,Perfil,FQM193
Ciencias Sociales y Jurídicas  ,41, SALVADOR DEL BARRIO GARCIA,408,7,Perfil,SEJ241
Ciencias Sociales y Jurídicas  ,44, LUIS MANUEL LOZANO FERNANDEZ,399,10,Perfil,HUM183
Ciencias Sociales y Jurídicas  ,45, ALVARO CABEZAS CLAVIJO,395,13,Perfil,HUM777
Ciencias Sociales y Jurídicas  ,46, ANGELES LARA AGUADO,388,4,Perfil,SEJ175
Ciencias Sociales y Jurídicas  ,47, ANTOLIN GRANADOS MARTINEZ,357,10,Perfil,SEJ123
Ciencias Sociales y Jurídicas  ,48, FRANCISCO JAVIER MONTORO RIOS,356,9,Perfil,SEJ241
Ciencias Sociales y Jurídicas  ,49, ENRIQUE RIVERA GARCIA,351,11,Perfil,SEJ546
Ciencias Sociales y Jurídicas  ,50, JOSE ANTONIO CAMACHO BALLESTA,348,10,Perfil,SEJ062
Ciencias Sociales y Jurídicas  ,51, JUAN JESUS ORTIZ DE HARO,343,10,Perfil,FQM126
Ciencias Sociales y Jurídicas  ,51, MARTA MOLINA,343,9,Perfil,FQM193
Ciencias Sociales y Jurídicas  ,53, ALICIA BENARROCH BENARROCH,341,10,Perfil,HUM613
Ciencias Sociales y Jurídicas  ,54, JOSE MIGUEL CONTRERAS GARCIA,338,10,Perfil,FQM126
Ciencias Sociales y Jurídicas  ,55, CARMEN GALVEZ MARTINEZ,325,9,Perfil,HUM466
Ciencias Sociales y Jurídicas  ,56, ANA MARIA MUÑOZ MUÑOZ,322,7,Perfil,HUM777
Ciencias Sociales y Jurídicas  ,57, INMACULADA AZNAR DIAZ,314,10,Perfil,HUM672
Ciencias Sociales y Jurídicas  ,58, FRANCISCO JESUS MARTIN FERNANDEZ,310,9,Perfil,TIC238
Ciencias Sociales y Jurídicas  ,59, PEDRO HIPOLA,308,8,Perfil,TIC238
Ciencias Sociales y Jurídicas  ,60, LUCIA HERRERA TORRES,297,11,Perfil,HUM742
Ciencias Sociales y Jurídicas  ,61, ENRIQUE GERVILLA CASTILLO,295,8,Perfil,HUM580
Ciencias Sociales y Jurídicas  ,61, PEDRO ARTEAGA CEZON,295,10,Perfil,FQM126
Ciencias Sociales y Jurídicas  ,63, JOSE MARIA CARDEÑOSO DOMINGO,292,9,Perfil,HUM462
Ciencias Sociales y Jurídicas  ,63, LEOPOLDO GUTIERREZ GUTIERREZ,292,7,Perfil,SEJ478
Ciencias Sociales y Jurídicas  ,65, MARIA JOSE LEON GUERRERO,286,7,Perfil,HUM386
Ciencias Sociales y Jurídicas  ,66, JOSE LUIS PADILLA GARCIA,282,8,Perfil,HUM624
Ciencias Sociales y Jurídicas  ,67, CARMUCA GOMEZ BUENO,276,7,Perfil,SEJ339
Ciencias Sociales y Jurídicas  ,68, MARIA CONSUELO CAÑADAS SANTIAGO,266,9,Perfil,FQM193
Ciencias Sociales y Jurídicas  ,69, OSCAR FERNANDO BUSTINZA SANCHEZ,265,10,Perfil,SEJ478
Ciencias Sociales y Jurídicas  ,70, FRANCISCO DOMINGO FERNANDEZ MARTIN,253,8,Perfil,SEJ535
Ciencias Sociales y Jurídicas  ,71, MARIANO SANCHEZ MARTINEZ,252,8,Perfil,SEJ129
Ciencias Sociales y Jurídicas  ,72, Mª DOLORES OLVERA LOBO,244,9,Perfil,HUM466
Ciencias Sociales y Jurídicas  ,73, JOSE ANTONIO SENSO RUIZ,242,8,Perfil,TIC238
Ciencias Sociales y Jurídicas  ,74, ANTONIO RODRIGUEZ FUENTES,240,8,Perfil,HUM871
Ciencias Sociales y Jurídicas  ,75, ANTONIO FERNANDEZ CASTILLO,237,10,Perfil,HUM846
Ciencias Sociales y Jurídicas  ,75, FRANCISCO JAVIER HINOJO LUCENA,237,8,Perfil,HUM672
Ciencias Sociales y Jurídicas  ,77, NATALIA JIMENEZ JIMENEZ,233,6,Perfil,SEJ492
Ciencias Sociales y Jurídicas  ,78, MANUEL FERNANDEZ GONZALEZ,226,6,Perfil,HUM613
Ciencias Sociales y Jurídicas  ,79, ANA ISABEL MORO EGIDO,218,8,Perfil,SEJ340
Ciencias Sociales y Jurídicas  ,80, JORGE GUARDIOLA WANDEN-BERGHE,217,8,Perfil,SEJ054
Ciencias Sociales y Jurídicas  ,80, JOSE ANGEL IBAÑEZ ZAPATA,217,5,Perfil,SEJ241
Ciencias Sociales y Jurídicas  ,82, NICOLAS ROBINSON GARCIA,215,10,Perfil,HUM777
Ciencias Sociales y Jurídicas  ,83, CESAR TORRES MARTIN,214,7,Perfil,HUM672
Ciencias Sociales y Jurídicas  ,84, ROBERTO HERNAN GONZÁLEZ,208,4,Perfil,SEJ492
Ciencias Sociales y Jurídicas  ,85, JORGE M. CHICA OLMO,205,6,Perfil,FQM150
Ciencias Sociales y Jurídicas  ,86, EDUARDO CUENCA GARCIA,204,8,Perfil,SEJ114
Ciencias Sociales y Jurídicas  ,87, JUAN SANCHEZ FERNANDEZ,201,8,Perfil,SEJ241
Ciencias Sociales y Jurídicas  ,87, MARIA ISABEL VIEDMA DEL JESUS,201,6,Perfil,SEJ241
Ciencias Sociales y Jurídicas  ,89, EVA MARIA OLMEDO MORENO,200,7,Perfil,HUM126
Ciencias Sociales y Jurídicas  ,90, JOSE MANUEL MORALES DEL CASTILLO,188,6,Perfil,TIC186
Ciencias Sociales y Jurídicas  ,91, JUAN ANTONIO LACOMBA ARIAS,185,7,Perfil,SEJ492
Ciencias Sociales y Jurídicas  ,92, ALFONSO CARACUEL ROMERO,182,7,Perfil,CTS581
Ciencias Sociales y Jurídicas  ,93, JAVIER LOPEZ GIJON,181,7,Perfil,TIC186
Ciencias Sociales y Jurídicas  ,94, JOSE LUIS ZAFRA GOMEZ,174,7,Perfil,SEJ355
Ciencias Sociales y Jurídicas  ,95, FRANCISCO MIGUEL LAGOS GARCIA,166,7,Perfil,SEJ492
Ciencias Sociales y Jurídicas  ,95, GUSTAVO RAUL CAÑADAS DE LA FUENTE,166,5,Perfil,FQM126
Ciencias Sociales y Jurídicas  ,95, JUAN LUIS BENITEZ MUÑOZ,166,9,Perfil,HUM232
Ciencias Sociales y Jurídicas  ,98, JOSE LUIS AROSTEGUI PLAZA,159,7,Perfil,SEJ540
Ciencias Sociales y Jurídicas  ,99, MIGUEL A. GARCIA RUBIO,158,8,Perfil,SEJ054
Ciencias Sociales y Jurídicas  ,100, JOSE LUIS ARCO TIRADO,157,6,Perfil,SEJ535
Ciencias Sociales y Jurídicas  ,100, JOSE LUIS NAVARRO ESPIGARES,157,7,Perfil,SEJ062
Ciencias Sociales y Jurídicas  ,102, CLEMENTE RODRIGUEZ SABIOTE,156,7,Perfil,HUM890
Ciencias Sociales y Jurídicas  ,102, FRANCISCO MIGUEL MARTINEZ RODRIGUEZ,156,5,Perfil,HUM580
Ciencias Sociales y Jurídicas  ,102, JOSE MIGUEL ANGEL GARCIA MARTINEZ,156,8,Perfil,HUM196
Ciencias Sociales y Jurídicas  ,105, CARMEN BURGOS GOYE,154,7,Perfil,SINGRUPO
Ciencias Sociales y Jurídicas  ,106, PABLO FLORES MARTINEZ,148,7,Perfil,FQM193
Ciencias Sociales y Jurídicas  ,107, RICARDO MARIN VIADEL,142,6,Perfil,HUM489
Ciencias Sociales y Jurídicas  ,108, CAROLINA FERNANDEZ JIMENEZ,139,5,Perfil,HUM846
Ciencias Sociales y Jurídicas  ,109, CARMEN TRIGUEROS CERVANTES,136,7,Perfil,SEJ546
Ciencias Sociales y Jurídicas  ,109, MARIA PILAR CACERES RECHE,136,6,Perfil,HUM672
Ciencias Sociales y Jurídicas  ,111, JORDI ALBERICH PASCUAL,133,7,Perfil,TIC186
Ciencias Sociales y Jurídicas  ,112, VICTOR BLANCO,129,7,Perfil,SEJ534
Ciencias Sociales y Jurídicas  ,113, ANNE-VINCIANE DOUCET,126,8,Perfil,SEJ510
Ciencias Sociales y Jurídicas  ,114, JOSE MIGUEL VILCHEZ GONZALEZ,123,5,Perfil,HUM613
Ciencias Sociales y Jurídicas  ,115, DAVID CANTON CORTES,122,6,Perfil,HUM677
Ciencias Sociales y Jurídicas  ,116, FRANCISCO JAVIER CARRILLO ROSUA,119,6,Perfil,HUM613
Ciencias Sociales y Jurídicas  ,117, TERESA MARIA GARCIA MUÑOZ,117,5,Perfil,SEJ492
Ciencias Sociales y Jurídicas  ,118, JOSEFA RUIZ ROMERO,115,6,Perfil,HUM289
Ciencias Sociales y Jurídicas  ,119, GRACIA JIMENEZ FERNANDEZ,114,6,Perfil,HUM820
Ciencias Sociales y Jurídicas  ,120, JOSEAN GARRUES IRURZUN,106,5,Perfil,SEJ476
Ciencias Sociales y Jurídicas  ,121, ESTEBAN JUAN PEREZ ALONSO,103,6,Perfil,SEJ351
Ciencias Sociales y Jurídicas  ,122, MIGUEL ANGEL GALLARDO VIGIL,101,6,Perfil,HUM358
Ciencias Sociales y Jurídicas  ,122, VANESA BARRALES MOLINA,101,5,Perfil,SEJ478
Ciencias Sociales y Jurídicas  ,124, GREGORIO NUÑEZ ROMERO-BALMAS,99,6,Perfil,SEJ271
Ciencias Sociales y Jurídicas  ,125, ANTONIO TUDELA SANCHO,94,3,Perfil,HUM188
Ciencias Sociales y Jurídicas  ,126, JULIAN ALBERTO DIAZ SAAVEDRA,93,3,Perfil,SEJ340
Ciencias Sociales y Jurídicas  ,126, MARIA FERNANDEZ CABEZAS,93,6,Perfil,HUM232
Ciencias Sociales y Jurídicas  ,128, CARMEN LIZARRAGA MOLLINEDO,92,6,Perfil,SEJ476
Ciencias Sociales y Jurídicas  ,128, ROSARIO ARROYO GONZALEZ,92,6,Perfil,HUM356
Ciencias Sociales y Jurídicas  ,130, ESTEBAN ROMERO FRIAS,89,6,Perfil,SEJ273
Ciencias Sociales y Jurídicas  ,131, ANTONIO MORENO VERDEJO,86,5,Perfil,FQM193
Ciencias Sociales y Jurídicas  ,132, AGUSTIN RUIZ ROBLEDO,84,5,Perfil,SEJ106
Ciencias Sociales y Jurídicas  ,133, AURORA INES DEL RIO CABEZA,83,6,Perfil,FQM193
Ciencias Sociales y Jurídicas  ,134, MARIA MAGDALENA GEA SERRANO,80,5,Perfil,FQM126
Ciencias Sociales y Jurídicas  ,135, JORGE JIMENEZ RODRIGUEZ,79,5,Perfil,HUM232
Ciencias Sociales y Jurídicas  ,136, NIEVES ORTEGA PEREZ,78,3,Perfil,SEJ113
Ciencias Sociales y Jurídicas  ,137, LUIS MIGUEL HINOJOSA MARTINEZ,76,5,Perfil,SEJ133
Ciencias Sociales y Jurídicas  ,138, ELENA MOLIS BAÑALES,73,4,Perfil,SEJ492
Ciencias Sociales y Jurídicas  ,139, ADELAIDA MONTEOLIVA SANCHEZ,72,4,Perfil,HUM196
Ciencias Sociales y Jurídicas  ,140, MARIA DE LOS ANGELES BAEZA MUÑOZ,70,5,Perfil,SEJ355
Ciencias Sociales y Jurídicas  ,141, DIONISIO BUENDIA CARRILLO,69,5,Perfil,SEJ355
Ciencias Sociales y Jurídicas  ,141, JUAN ANTONIO FUENTES ESPARRELL,69,5,Perfil,HUM848
Ciencias Sociales y Jurídicas  ,143, ESTRELLA (STELLA) MARTINEZ RODRIGO,68,5,Perfil,SEJ508
Ciencias Sociales y Jurídicas  ,144, TM. CARMEN HERRERA ENRIQUEZ,66,4,Perfil,HUM289
Ciencias Sociales y Jurídicas  ,145, JORGE EXPOSITO LOPEZ,61,3,Perfil,HUM567
Ciencias Sociales y Jurídicas  ,146, JOAQUIN ROLDAN RAMIREZ,60,3,Perfil,HUM489
Ciencias Sociales y Jurídicas  ,147, ALBERTO RUIZ VILLAVERDE,53,3,Perfil,SEJ054
Ciencias Sociales y Jurídicas  ,147, GUADALUPE MARTINEZ FUENTES,53,4,Perfil,SEJ113
Ciencias Sociales y Jurídicas  ,149, JULIA GARCIA CABELLO,52,4,Perfil,SEJ340
Ciencias Sociales y Jurídicas  ,150, JAVIER DELGADO CEBALLOS,51,5,Perfil,SEJ481
Ciencias Sociales y Jurídicas  ,151, EMILIO BERROCAL DE LUNA,49,4,Perfil,HUM126
Ciencias Sociales y Jurídicas  ,152, MIGUEL ANGEL MORENO NAVARRETE,48,4,Perfil,SEJ346
Ciencias Sociales y Jurídicas  ,153, KATIA CABALLERO RODRIGUEZ,47,4,Perfil,HUM386
Ciencias Sociales y Jurídicas  ,154, JAVIER TAMAYO TORRES,42,3,Perfil,SEJ478
Ciencias Sociales y Jurídicas  ,154, MARIA DEL MAR ORTIZ GOMEZ,42,4,Perfil,HUM358
Ciencias Sociales y Jurídicas  ,156, PATRICIA ESQUINAS VALVERDE,41,4,Perfil,SEJ151
Ciencias Sociales y Jurídicas  ,157, RICARDO CASAS DEL CASTILLO,39,2,Perfil,HUM613
Ciencias Sociales y Jurídicas  ,157, SAMUEL GOMEZ HARO,39,2,Perfil,SEJ481
Ciencias Sociales y Jurídicas  ,159, LAURA ALCAIDE MUÑOZ,38,3,Perfil,SEJ355
Ciencias Sociales y Jurídicas  ,160, RAIMUNDO AGUAYO ESTREMERA,36,2,Perfil,HUM183
Ciencias Sociales y Jurídicas  ,160, ROBERTO MONTERO GRANADOS,36,3,Perfil,SEJ393
Ciencias Sociales y Jurídicas  ,160, VANESA MARIA GAMIZ SÁNCHEZ,36,3,Perfil,HUM386
Ciencias Sociales y Jurídicas  ,163, ANTONIO SEGURA SERRANO,34,5,Perfil,SEJ133
Ciencias Sociales y Jurídicas  ,163, FRANCISCO J. LIEBANA CABANILLAS,34,4,Perfil,SEJ241
Ciencias Sociales y Jurídicas  ,163, GEMMA PEREZ LOPEZ,34,3,Perfil,SEJ355
Ciencias Sociales y Jurídicas  ,166, JORGE MARCOS MARCOS,31,3,Perfil,SINGRUPO
Ciencias Sociales y Jurídicas  ,167, MANUEL CASTILLA CUBILLAS,30,3,Perfil,SEJ450
Ciencias Sociales y Jurídicas  ,168, ANA MARIA RICO MARTIN,29,2,Perfil,HUM358
Ciencias Sociales y Jurídicas  ,168, MARIA PILAR LOPEZ GARCIA,29,3,Perfil,HUM277
Ciencias Sociales y Jurídicas  ,170, DIMITRINKA GEORGIEVA NIKLEVA,28,3,Perfil,HUM457
Ciencias Sociales y Jurídicas  ,170, ELVIRA MOLINA FERNANDEZ,28,3,Perfil,HUM267
Ciencias Sociales y Jurídicas  ,170, LUIS ENRIQUE PEDAGUA SANCHEZ,28,3,Perfil,SINGRUPO
Ciencias Sociales y Jurídicas  ,173, ANA MARIA PLATA DIAZ,26,3,Perfil,SEJ355
Ciencias Sociales y Jurídicas  ,173, DIEGO MARCOS CARTAGENA,26,3,Perfil,SINGRUPO
Ciencias Sociales y Jurídicas  ,173, INMACULADA C. MARRERO ROCHA,26,3,Perfil,SEJ133
Ciencias Sociales y Jurídicas  ,176, ANA JUSTICIA ARRAEZ,24,3,Perfil,HUM232
Ciencias Sociales y Jurídicas  ,176, CARLOS JAVIER LOPEZ GUTIERREZ,24,3,Perfil,HUM238
Ciencias Sociales y Jurídicas  ,178, ANA ALCAZAR CAMPOS,23,4,Perfil,SEJ430
Ciencias Sociales y Jurídicas  ,178, BEATRIZ CORTINA PEREZ,23,4,Perfil,HUM457
Ciencias Sociales y Jurídicas  ,178, M. ANGELES CUADRADO RUIZ,23,3,Perfil,SEJ351
Ciencias Sociales y Jurídicas  ,178, MANUEL HERNANDEZ PEINADO,23,3,Perfil,SEJ062
Ciencias Sociales y Jurídicas  ,178, RAFAEL JESUS OLIVARES CASTILLO,23,2,Perfil,TIC238
Ciencias Sociales y Jurídicas  ,178, RAQUEL OJEDA GARCIA,23,3,Perfil,SEJ113
Ciencias Sociales y Jurídicas  ,184, MARIA TERESA DIAZ MOHEDO,22,2,Perfil,HUM263
Ciencias Sociales y Jurídicas  ,184, STEPHEN HUGHES,22,3,Perfil,SEJ535
Ciencias Sociales y Jurídicas  ,186, ANTONIO MARIN RUIZ,20,2,Perfil,SINGRUPO
Ciencias Sociales y Jurídicas  ,186, AURORA GARCIA VITORIA,20,2,Perfil,SEJ351
Ciencias Sociales y Jurídicas  ,186, JUAN FRANCISCO RUIZ HIDALGO,20,3,Perfil,FQM193
Ciencias Sociales y Jurídicas  ,189, HENRY ARAY CASANOVA,19,3,Perfil,SEJ340
Ciencias Sociales y Jurídicas  ,189, JAVIER GARCIA MARIN,19,2,Perfil,SEJ113
Ciencias Sociales y Jurídicas  ,191, ELBA GUTIERREZ SANTIUSTE,18,2,Perfil,HUM386
Ciencias Sociales y Jurídicas  ,191, JERONIMO MORALES CABEZAS,18,3,Perfil,HUM508
Ciencias Sociales y Jurídicas  ,191, JOSE MIGUEL GARCIA RAMIREZ,18,2,Perfil,SEJ059
Ciencias Sociales y Jurídicas  ,191, JUSTA GOMEZ NAVAJAS,18,2,Perfil,SEJ351
Ciencias Sociales y Jurídicas  ,195, JOSE ANTONIO FERNANDEZ PLAZA,17,3,Perfil,FQM193
Ciencias Sociales y Jurídicas  ,196, MARIA DEL PUERTO LOPEZ DEL AMO LOPEZ DEL AMO,16,3,Perfil,SEJ393
Ciencias Sociales y Jurídicas  ,196, MARIA GARCIA CARACUEL,16,2,Perfil,SEJ326
Ciencias Sociales y Jurídicas  ,196, PABLO J. MARTIN RODRIGUEZ,16,2,Perfil,SEJ133
Ciencias Sociales y Jurídicas  ,199, ELISA LEGEREN ALVAREZ,15,1,Perfil,SEJ036
Ciencias Sociales y Jurídicas  ,199, MARIA BELEN MORATA GARCIA DE LA PUERTA,15,2,Perfil,SEJ221
Ciencias Sociales y Jurídicas  ,201, ANGEL SOLANO GARCIA,13,3,Perfil,SEJ492
Ciencias Sociales y Jurídicas  ,201, JUAN LARA RUBIO,13,2,Perfil,SEJ273
Ciencias Sociales y Jurídicas  ,203, AMELIA DIAZ PEREZ DE MADRID,12,1,Perfil,SEJ133
Ciencias Sociales y Jurídicas  ,203, MARIA DOLORES ALVAREZ RODRIGUEZ,12,2,Perfil,HUM489
Ciencias Sociales y Jurídicas  ,205, JUAN MANUEL AYLLON MILLAN,10,2,Perfil,HUM777
Ciencias Sociales y Jurídicas  ,205, PEDRO ENRIQUE BARRILAO GONZALEZ,10,1,Perfil,SEJ549
Ciencias Sociales y Jurídicas  ,207, FRANCISCO JAVIER DURAN RUIZ,9,2,Perfil,SEJ169
Ciencias Sociales y Jurídicas  ,207, JOSE LUIS VILLENA HIGUERAS,9,3,Perfil,HUM267
Ciencias Sociales y Jurídicas  ,209, ALBERTO MARTIN MARTIN,8,1,Perfil,SINGRUPO
Ciencias Sociales y Jurídicas  ,209, JOSE AGUADO ROMERO,8,2,Perfil,SEJ355
Ciencias Sociales y Jurídicas  ,211, ANA MARIA RAMOS GARCIA,7,2,Perfil,HUM457
Ciencias Sociales y Jurídicas  ,211, CONSUELO MARTIN VEGA,7,1,Perfil,SINGRUPO
Ciencias Sociales y Jurídicas  ,211, SUSANA RUIZ TARRIAS,7,1,Perfil,SEJ106
Ciencias Sociales y Jurídicas  ,214, FADI AMROUSH,6,2,Perfil,SEJ492
Ciencias Sociales y Jurídicas  ,214, FRANCISCO REJON GUARDIA,6,1,Perfil,SEJ241
Ciencias Sociales y Jurídicas  ,214, MARIA DOLORES MARTIN-LAGOS LOPEZ,6,1,Perfil,SEJ498
Ciencias Sociales y Jurídicas  ,214, MERCEDES SOTO MOYA,6,2,Perfil,SEJ175
Ciencias Sociales y Jurídicas  ,218, ENRIQUE DE LA FUENTE GUTIERREZ,5,2,Perfil,HUM777
Ciencias Sociales y Jurídicas  ,218, FERNANDO GARCIA QUERO,5,1,Perfil,SEJ476
Ciencias Sociales y Jurídicas  ,218, MARIA-EVA FERNANDEZ BAQUERO,5,1,Perfil,SEJ286
Ciencias Sociales y Jurídicas  ,218, YOLANDA ARAGON CARRETERO,5,1,Perfil,HUM848
Ciencias Sociales y Jurídicas  ,222, JOSE ANTONIO MARIN MARIN,4,1,Perfil,HUM672
Ciencias Sociales y Jurídicas  ,222, MARIA CONCEPCION PEREZ VILLALOBOS,4,1,Perfil,SEJ106
Ciencias Sociales y Jurídicas  ,222, MYRIAM MARTINEZ FIESTAS,4,1,Perfil,SEJ241
Ciencias Sociales y Jurídicas  ,225, ALEKSANDRA SOJKA,3,1,Perfil,SEJ113
Ciencias Sociales y Jurídicas  ,225, ANTONIO SANCHEZ ORTEGA,3,1,Perfil,SEJ133
Ciencias Sociales y Jurídicas  ,225, ERIKA GONZALEZ GARCIA,3,1,Perfil,HUM580
Ciencias Sociales y Jurídicas  ,225, JOSE SANCHEZ PEREZ,3,1,Perfil,SEJ184
Ciencias Sociales y Jurídicas  ,225, JUAN MIGUEL ALCANTARA PILAR,3,1,Perfil,SEJ241
Ciencias Sociales y Jurídicas  ,225, MIGUEL ANGEL PEREZ CASTRO,3,1,Perfil,SEJ393
Ciencias Sociales y Jurídicas  ,225, ROSER MANZANERA RUIZ,3,1,Perfil,SEJ491
Ciencias Sociales y Jurídicas  ,232, JOSE RAFAEL MARIN AIS,2,1,Perfil,SEJ259
Ciencias Sociales y Jurídicas  ,232, MARIA ANGELES MINGUELA RECOVER,2,1,Perfil,SEJ062
Ciencias Sociales y Jurídicas  ,232, RAMON M ORZA LINARES,2,1,Perfil,SINGRUPO
Ciencias Sociales y Jurídicas  ,235, ELENA CAMBIL MEDINA,1,1,Perfil,SEJ221
Ciencias Sociales y Jurídicas  ,235, GUILLERMO MARAVER TARIFA,1,0,Perfil,SEJ481
Ciencias Sociales y Jurídicas  ,235, JOSE LUIS PEREZ-SERRABONA GONZALEZ,1,1,Perfil,SEJ272
Ciencias Sociales y Jurídicas  ,235, JOSE RIENDA POLO,1,1,Perfil,HUM508
Ciencias Sociales y Jurídicas  ,235, MARIA ANGELES LOPEZ VALLEJO,1,1,Perfil,HUM278
Ciencias Sociales y Jurídicas  ,235, MARIA DE LA ENCARNACION CAMBIL HERNANDEZ,1,1,Perfil,HUM221
Ciencias Sociales y Jurídicas  ,235, MARIA DEL MAR LOPEZ MARTIN,1,1,Perfil,FQM150
Ciencias Sociales y Jurídicas  ,235, MARIA JOSÈ SANCHEZ ROBERT,1,1,Perfil,SEJ151
Ciencias Sociales y Jurídicas  ,235, NURIA CALET,1,1,Perfil,HUM820
Ciencias Sociales y Jurídicas  ,244, ADRIAN SEGURA ROBLES,0,0,Perfil,HUM358
Ciencias Sociales y Jurídicas  ,244, CARMEN GARCIA MIRANDA,0,0,Perfil,SEJ393
Ciencias Sociales y Jurídicas  ,244, ELENA DEL PILAR JIMENEZ PEREZ,0,0,Perfil,SINGRUPO
Ciencias Sociales y Jurídicas  ,244, GABRIEL GARCIA-PARADA ARIAS,0,0,Perfil,SINGRUPO
Ciencias Sociales y Jurídicas  ,244, MARIA DEL CARMEN MORON PEREZ,0,0,Perfil,SEJ326
Ciencias Sociales y Jurídicas  ,244, MARIA DEL PILAR IBAÑEZ CUBILLAS,0,0,Perfil,SEJ059
Ciencias Sociales y Jurídicas  ,244, NATALIA REYES RUIZ DE PERALTA,0,0,Perfil,SEJ430
Ciencias Sociales y Jurídicas  ,244, SONIA PEÑA GARCIA,0,0,Perfil,HUM457
Ciencias Sociales y Jurídicas  ,244, VALENTIN CAROZO MARTIN,0,0,Perfil,HUM580
Ingeniería y Tecnología  ,1, FRANCISCO HERRERA TRIGUERO,33756,96,Perfil,TIC186
Ingeniería y Tecnología  ,2, ENRIQUE HERRERA VIEDMA,14042,55,Perfil,TIC186
Ingeniería y Tecnología  ,3, JOSE LUIS VERDEGAY GALDEANO,9056,42,Perfil,TIC169
Ingeniería y Tecnología  ,4, OSCAR CORDON GARCIA,8476,42,Perfil,TIC186
Ingeniería y Tecnología  ,5, MARIA AMPARO VILA MIRANDA,5734,38,Perfil,TIC174
Ingeniería y Tecnología  ,6, MANUEL LOZANO MARQUEZ,4558,25,Perfil,TIC186
Ingeniería y Tecnología  ,7, JUAN JULIAN MERELO GUERVOS,4385,24,Perfil,TIC024
Ingeniería y Tecnología  ,8, SALVADOR GARCIA LOPEZ,4004,28,Perfil,TIC186
Ingeniería y Tecnología  ,9, SERAFIN MORAL CALLEJON,3788,34,Perfil,TIC103
Ingeniería y Tecnología  ,10, LUIS MIGUEL DE CAMPOS IBAÑEZ,3437,32,Perfil,TIC103
Ingeniería y Tecnología  ,11, ALBERTO PRIETO ESPINOSA,3391,29,Perfil,TIC117
Ingeniería y Tecnología  ,12, RAFAEL MOLINA SORIANO,3044,27,Perfil,TIC116
Ingeniería y Tecnología  ,13, FRANCISCO J GAMIZ PEREZ,3013,30,Perfil,TIC216
Ingeniería y Tecnología  ,14, CHRIS CORNELIS,2928,28,Perfil,TIC186
Ingeniería y Tecnología  ,15, JAVIER RAMIREZ PEREZ DE INESTROSA,2829,28,Perfil,TIC218
Ingeniería y Tecnología  ,16, JUAN LUIS CASTRO PEÑA,2521,21,Perfil,TIC210
Ingeniería y Tecnología  ,17, IGNACIO ROJAS RUIZ,2447,26,Perfil,TIC117
Ingeniería y Tecnología  ,18, JORGE CASILLAS BARRANQUERO,2415,24,Perfil,TIC186
Ingeniería y Tecnología  ,19, JULIO ORTEGA LOPERA,2301,24,Perfil,TIC117
Ingeniería y Tecnología  ,20, ANTONIO GONZALEZ MUÑOZ,2300,22,Perfil,TIC175
Ingeniería y Tecnología  ,21, JOSE CARLOS SEGURA LUNA,2202,23,Perfil,TIC123
Ingeniería y Tecnología  ,22, JUAN MANUEL GORRIZ SAEZ,1996,25,Perfil,TIC218
Ingeniería y Tecnología  ,23, EDUARDO ROS VIDAL,1905,24,Perfil,TIC117
Ingeniería y Tecnología  ,24, JUAN RAMON GONZALEZ GONZÁLEZ,1680,21,Perfil,TIC169
Ingeniería y Tecnología  ,25, RAFAEL ALCALA FERNÁNDEZ,1678,21,Perfil,TIC186
Ingeniería y Tecnología  ,26, JESUS ALCALA FERNANDEZ,1515,16,Perfil,TIC186
Ingeniería y Tecnología  ,27, MIGUEL VEGA LOPEZ,1400,25,Perfil,TIC116
Ingeniería y Tecnología  ,28, JESUS GONZALEZ PEÑALVER,1395,20,Perfil,TIC117
Ingeniería y Tecnología  ,29, JUAN FRANCISCO HUETE GUADIX,1348,20,Perfil,TIC103
Ingeniería y Tecnología  ,30, JAVIER MATEOS DELGADO,1326,17,Perfil,TIC116
Ingeniería y Tecnología  ,31, JUAN CARLOS CUBERO TALAVERA,1300,19,Perfil,TIC174
Ingeniería y Tecnología  ,32, DAVID ALEJANDRO PELTA MOCHCOVSKY,1295,17,Perfil,TIC169
Ingeniería y Tecnología  ,33, PEDRO ANGEL CASTILLO VALDIVIESO,1266,16,Perfil,TIC024
Ingeniería y Tecnología  ,34, JUAN B. ROLDAN ARANDA,1232,20,Perfil,TIC216
Ingeniería y Tecnología  ,35, BLANCA BIEL RUIZ,1178,11,Perfil,TIC216
Ingeniería y Tecnología  ,36, MARIA JOSE MARTIN BAUTISTA,1130,18,Perfil,TIC174
Ingeniería y Tecnología  ,37, LUCA DONETTI,1117,14,Perfil,TIC216
Ingeniería y Tecnología  ,38, ANTONIO MIGUEL PEINADO HERREROS,1114,15,Perfil,TIC234
Ingeniería y Tecnología  ,39, JUAN MANUEL FERNANDEZ LUNA,989,17,Perfil,TIC103
Ingeniería y Tecnología  ,40, ANTONIO GABRIEL LOPEZ HERRERA,957,15,Perfil,TIC207
Ingeniería y Tecnología  ,41, MARIA CORAL DEL VAL MUÑOZ,940,14,Perfil,TIC186
Ingeniería y Tecnología  ,42, CLEMENTE IRIGARAY FERNANDEZ,931,16,Perfil,RNM121
Ingeniería y Tecnología  ,42, MARIA TERESA LAMATA JIMENEZ,931,16,Perfil,TIC169
Ingeniería y Tecnología  ,44, FRANCISCO GABRIEL RAUL PEREZ RODRIGUEZ,930,11,Perfil,TIC175
Ingeniería y Tecnología  ,45, ALBERTO JOSE PALMA LOPEZ,929,16,Perfil,TIC105
Ingeniería y Tecnología  ,46, ANTONIO JAVIER DIAZ ALONSO,904,15,Perfil,TIC117
Ingeniería y Tecnología  ,47, IGNACIO ALVAREZ ILLAN,873,18,Perfil,TIC218
Ingeniería y Tecnología  ,48, RAUL BAÑOS NAVARRO,868,15,Perfil,TIC117
Ingeniería y Tecnología  ,49, GUSTAVO ROMERO LOPEZ,864,13,Perfil,TIC024
Ingeniería y Tecnología  ,50, ANTONIO GARCIA RIOS,797,15,Perfil,TIC127
Ingeniería y Tecnología  ,51, MARIA ISABEL GARCIA ARENAS,692,11,Perfil,TIC024
Ingeniería y Tecnología  ,52, JOSE SAMOS JIMENEZ,691,13,Perfil,TIC230
Ingeniería y Tecnología  ,52, JUAN CARLOS TORRES CANTERO,691,13,Perfil,TIC167
Ingeniería y Tecnología  ,54, FERNANDO BERZAL GALIANO,690,13,Perfil,TIC174
Ingeniería y Tecnología  ,55, LUIS CASTILLO VIDAL,680,14,Perfil,TIC175
Ingeniería y Tecnología  ,56, JORGE NAVARRO ORTIZ,666,6,Perfil,TIC235
Ingeniería y Tecnología  ,57, ANDRES CANO UTRERA,663,13,Perfil,TIC103
Ingeniería y Tecnología  ,58, JOAQUIN ABELLAN MULERO,640,15,Perfil,TIC103
Ingeniería y Tecnología  ,59, GUILLERMO RUS CARLBORG,612,13,Perfil,TEP167
Ingeniería y Tecnología  ,60, JOSE LUIS BERNIER VILLAMOR,605,13,Perfil,TIC024
Ingeniería y Tecnología  ,61, JUAN GOMEZ ROMERO,604,14,Perfil,TIC111
Ingeniería y Tecnología  ,62, ANTONIO MIGUEL MORA GARCIA,599,13,Perfil,TIC024
Ingeniería y Tecnología  ,63, ANA MARIA SANCHEZ LOPEZ,573,7,Perfil,TIC186
Ingeniería y Tecnología  ,64, PABLO AMEIGEIRAS GUTIERREZ,540,12,Perfil,TIC235
Ingeniería y Tecnología  ,65, JUAN LUIS JIMENEZ LAREDO,495,14,Perfil,TIC024
Ingeniería y Tecnología  ,66, JUAN FERNANDEZ OLIVARES,482,12,Perfil,TIC175
Ingeniería y Tecnología  ,67, EUGENIO AGUIRRE MOLINA,451,10,Perfil,TIC175
Ingeniería y Tecnología  ,68, JESUS BANQUERI OZAEZ,443,11,Perfil,TIC105
Ingeniería y Tecnología  ,68, VICTORIA EUGENIA SANCHEZ CALLE,443,12,Perfil,TIC234
Ingeniería y Tecnología  ,70, PABLO PADILLA DE LA TORRE,438,11,Perfil,TIC218
Ingeniería y Tecnología  ,71, ANTONIO CAÑAS VARGAS,435,12,Perfil,TIC117
Ingeniería y Tecnología  ,72, JOSE LUIS PEREZ CORDOBA,377,7,Perfil,TIC234
Ingeniería y Tecnología  ,73, JOSE CAMACHO PAEZ,364,9,Perfil,BIO110
Ingeniería y Tecnología  ,74, IGNACIO JOSE BLANCO MEDINA,356,11,Perfil,TIC174
Ingeniería y Tecnología  ,75, MIGUEL GEA MEGIAS,336,9,Perfil,TIC002
Ingeniería y Tecnología  ,76, FRANCISCO JAVIER GARCIA RUIZ,334,10,Perfil,TIC216
Ingeniería y Tecnología  ,77, FRANCISCO JIMENEZ MOLINOS,325,8,Perfil,TIC216
Ingeniería y Tecnología  ,78, MANUEL GOMEZ OLMEDO,309,10,Perfil,TIC103
Ingeniería y Tecnología  ,79, CARLOS ALBERTO CRUZ CORONA,297,9,Perfil,TIC169
Ingeniería y Tecnología  ,79, FRANCISCO JAVIER CALVO POYO,297,10,Perfil,TEP246
Ingeniería y Tecnología  ,81, SAMUEL FRANCISCO ROMERO GARCIA,296,9,Perfil,TIC117
Ingeniería y Tecnología  ,82, LUIS PARRILLA ROURE,288,9,Perfil,TIC127
Ingeniería y Tecnología  ,83, WALDO FAJARDO CONTRERAS,269,6,Perfil,TIC111
Ingeniería y Tecnología  ,84, CARLOS SAMPEDRO MATARIN,268,9,Perfil,TIC216
Ingeniería y Tecnología  ,84, PATRICIA PADEREWSKI RODRIGUEZ,268,7,Perfil,TIC164
Ingeniería y Tecnología  ,86, MIGUEL ANGEL CARVAJAL RODRIGUEZ,265,9,Perfil,TIC105
Ingeniería y Tecnología  ,87, ISAAC TRIGUERO VELAZQUEZ,262,7,Perfil,TIC186
Ingeniería y Tecnología  ,88, MANUEL NOGUERA GARCIA,257,9,Perfil,TIC230
Ingeniería y Tecnología  ,89, MARIA VISITACION HURTADO TORRES,252,9,Perfil,TIC230
Ingeniería y Tecnología  ,90, JUAN DE OÑA LOPEZ,245,10,Perfil,TEP246
Ingeniería y Tecnología  ,91, CARLOS CANO GUTIERREZ,232,7,Perfil,TIC111
Ingeniería y Tecnología  ,92, CARLOS UREÑA ALMAGRO,231,6,Perfil,TIC236
Ingeniería y Tecnología  ,93, ANTONIO FRANCISCO DIAZ GARCIA,229,10,Perfil,TIC117
Ingeniería y Tecnología  ,94, ANGEL MANUEL GOMEZ GARCIA,223,9,Perfil,TIC234
Ingeniería y Tecnología  ,95, MIGUEL DAMAS HERMOSO,218,8,Perfil,TIC117
Ingeniería y Tecnología  ,96, CARLOS JAVIER MANTAS RUIZ,211,9,Perfil,TIC175
Ingeniería y Tecnología  ,97, ANDRES RAMON MASEGOSA ARREDONDO,199,8,Perfil,TIC103
Ingeniería y Tecnología  ,97, ENCARNACION CASTILLO MORALES,199,8,Perfil,TIC127
Ingeniería y Tecnología  ,99, FRANCISCO CHARTE OJEDA,198,6,Perfil,TIC207
Ingeniería y Tecnología  ,100, MANUEL PEGALAJAR CUELLAR,194,8,Perfil,TIC111
Ingeniería y Tecnología  ,101, VICTORIA LOPEZ MORALES,187,7,Perfil,TIC186
Ingeniería y Tecnología  ,102, MARIA VICTORIA LUZON GARCIA,180,9,Perfil,TIC186
Ingeniería y Tecnología  ,103, MARCELINO JOSE CABRERA CUEVAS,179,7,Perfil,TIC236
Ingeniería y Tecnología  ,104, JESUS ALBERTO GARRIDO ALCAZAR,178,8,Perfil,TIC117
Ingeniería y Tecnología  ,105, PABLO GARCIA SANCHEZ,174,7,Perfil,TIC117
Ingeniería y Tecnología  ,106, MIGUEL LASTRA LEIDINGER,173,5,Perfil,TIC186
Ingeniería y Tecnología  ,107, FRANCISCO JAVIER HERRERO LANTARON,171,7,Perfil,TEP209
Ingeniería y Tecnología  ,108, ANTONIO MARTINEZ OLMOS,169,8,Perfil,TIC105
Ingeniería y Tecnología  ,109, JORGE DAVID JIMENEZ PERALVAREZ,158,7,Perfil,RNM121
Ingeniería y Tecnología  ,110, OSCAR IBAÑEZ PANIZO,157,7,Perfil,TIC186
Ingeniería y Tecnología  ,111, ROCIO CELESTE ROMERO ZALIZ,150,7,Perfil,TIC186
Ingeniería y Tecnología  ,112, ARTURO GONZALEZ FERRER,145,7,Perfil,TIC175
Ingeniería y Tecnología  ,113, JORGE REVELLES MORENO,139,4,Perfil,TIC236
Ingeniería y Tecnología  ,114, DIEGO PEDRO MORALES SANTOS,135,7,Perfil,TIC105
Ingeniería y Tecnología  ,114, MIGUEL ORTEGA SANCHEZ,135,6,Perfil,TEP209
Ingeniería y Tecnología  ,116, JOSE ANTONIO SAEZ MUÑOZ,131,5,Perfil,TIC186
Ingeniería y Tecnología  ,117, FRANCISCO BARRANCO EXPOSITO,124,7,Perfil,TIC117
Ingeniería y Tecnología  ,118, GERMAN MARTINEZ MONTES,122,7,Perfil,TEP001
Ingeniería y Tecnología  ,119, CHRISTOPH BERGMEIR,117,6,Perfil,TIC186
Ingeniería y Tecnología  ,119, KAWTAR BENGHAZI AKHLAKI,117,6,Perfil,TIC230
Ingeniería y Tecnología  ,121, MIGUEL JUAN HORNOS BARRANCO,116,6,Perfil,TIC230
Ingeniería y Tecnología  ,122, GABRIEL NAVARRO GARULO,113,8,Perfil,TIC111
Ingeniería y Tecnología  ,123, NICETO RAFAEL LUQUE SOLA,112,5,Perfil,TIC117
Ingeniería y Tecnología  ,124, OVIDIO RABAZA CASTILLO,105,3,Perfil,RNM913
Ingeniería y Tecnología  ,125, JUAN JOSE RAMOS MUÑOZ,94,5,Perfil,TIC235
Ingeniería y Tecnología  ,126, IGNACIO JOSE GARCIA DEL AMO,90,7,Perfil,TIC169
Ingeniería y Tecnología  ,127, FRANCISCO JAVIER RODRIGUEZ DIAZ,86,6,Perfil,TIC186
Ingeniería y Tecnología  ,128, MANUEL ISIDORO CAPEL TUÑON,82,5,Perfil,TIC157
Ingeniería y Tecnología  ,129, ANTONIO DAVID MASEGOSA ARREDONDO,80,6,Perfil,TIC169
Ingeniería y Tecnología  ,130, ISRAA AMRO,73,3,Perfil,TIC116
Ingeniería y Tecnología  ,131, MARIA DOLORES RUIZ JIMENEZ,69,5,Perfil,TIC111
Ingeniería y Tecnología  ,132, CARLOS RODRIGUEZ DOMINGUEZ,64,5,Perfil,TIC230
Ingeniería y Tecnología  ,133, ANTONIO ESPIN ESTRELLA,56,3,Perfil,RNM913
Ingeniería y Tecnología  ,133, JULIAN GARRIDO SÁNCHEZ,56,4,Perfil,TIC114
Ingeniería y Tecnología  ,135, FRANCISCO JAVIER MELERO RUS,55,5,Perfil,TIC236
Ingeniería y Tecnología  ,136, PEDRO CANO OLIVARES,53,5,Perfil,TIC167
Ingeniería y Tecnología  ,137, ANDRES MARIA ROLDAN ARANDA,52,3,Perfil,TIC216
Ingeniería y Tecnología  ,138, MIGUEL JOSE MOLINA SOLANA,51,5,Perfil,TIC111
Ingeniería y Tecnología  ,138, PAZ FERNANDEZ OLIVERAS,51,3,Perfil,RNM121
Ingeniería y Tecnología  ,140, JOSE ENRIQUE PONS FRIAS,50,4,Perfil,TIC174
Ingeniería y Tecnología  ,141, TOMAS RUIZ LOPEZ,47,4,Perfil,TIC230
Ingeniería y Tecnología  ,142, NURIA LOPEZ RUIZ,44,4,Perfil,TIC105
Ingeniería y Tecnología  ,143, ALEJANDRO DAVID MOREO FERNANDEZ,42,4,Perfil,TIC210
Ingeniería y Tecnología  ,143, ROCIO DE OÑA LOPEZ,42,3,Perfil,TEP246
Ingeniería y Tecnología  ,145, ANTONIO JAVIER FERNANDEZ ARES,41,4,Perfil,TIC024
Ingeniería y Tecnología  ,146, FERNANDO DELGADO RAMOS,40,5,Perfil,RNM270
Ingeniería y Tecnología  ,147, MARIA BERMUDEZ EDO,38,4,Perfil,TIC230
Ingeniería y Tecnología  ,148, ALMUDENA RIVADENEYRA TORRES,36,4,Perfil,TIC105
Ingeniería y Tecnología  ,149, ENRIQUE JOSE LEYVA MIRANDA,35,4,Perfil,TIC175
Ingeniería y Tecnología  ,150, ANTONIO MANUEL PEÑA GARCIA,34,3,Perfil,RNM913
Ingeniería y Tecnología  ,150, ENRIQUE JAIME FERNANDEZ SÁNCHEZ,34,4,Perfil,TIC117
Ingeniería y Tecnología  ,150, JOSE FERNANDEZ SALMERON,34,4,Perfil,TIC105
Ingeniería y Tecnología  ,150, PABLO VILLACORTA IGLESIAS,34,4,Perfil,TIC169
Ingeniería y Tecnología  ,154, MARIA DOLORES MARTINEZ AIRES,33,1,Perfil,TIC111
Ingeniería y Tecnología  ,155, DANIEL PERALTA CAMARA,31,2,Perfil,TIC186
Ingeniería y Tecnología  ,155, IGNACIO VALVERDE PALACIOS,31,3,Perfil,TEP942
Ingeniería y Tecnología  ,155, RAFAEL ALEJANDRO RODRIGUEZ GOMEZ,31,2,Perfil,TIC233
Ingeniería y Tecnología  ,158, SERGIO RAMIREZ GALLEGO,29,1,Perfil,TIC186
Ingeniería y Tecnología  ,159, CARLOS NAVARRO MORAL,28,4,Perfil,TIC216
Ingeniería y Tecnología  ,160, NIEVES ABALOS SERRANO,27,3,Perfil,TIC018
Ingeniería y Tecnología  ,161, PABLO RUIZ MARATAN,26,3,Perfil,TIC116
Ingeniería y Tecnología  ,162, CORA BEATRIZ PEREZ ARIZA,25,3,Perfil,TIC103
Ingeniería y Tecnología  ,163, FRANCISCO SOLER MARTINEZ,23,3,Perfil,TIC236
Ingeniería y Tecnología  ,164, LEOVIGILDO SANCHEZ CASADO,16,2,Perfil,TIC233
Ingeniería y Tecnología  ,165, MARIA RAQUEL UREÑA PEREZ,13,2,Perfil,TIC117
Ingeniería y Tecnología  ,166, ELADIO GARVI GARCIA,12,2,Perfil,TIC172
Ingeniería y Tecnología  ,166, FERNANDO MARTINEZ MARTI,12,2,Perfil,TIC105
Ingeniería y Tecnología  ,166, SARA DEL RIO GARCIA,12,3,Perfil,TIC186
Ingeniería y Tecnología  ,169, GONZALO MILLA MILLAN,10,2,Perfil,TIC175
Ingeniería y Tecnología  ,169, LALA SEPTEM RIZA,10,2,Perfil,TIC186
Ingeniería y Tecnología  ,169, PABLO MARTINEZ CAÑADA,10,2,Perfil,SINGRUPO
Ingeniería y Tecnología  ,172, DAVID ESCOLANO MARGARIT,9,2,Perfil,TEP167
Ingeniería y Tecnología  ,172, ENRIQUE GONZALEZ MARIN,9,2,Perfil,TIC216
Ingeniería y Tecnología  ,174, JOSE AGUSTIN GARRIDO ALCAZAR,8,2,Perfil,TIC111
Ingeniería y Tecnología  ,175, CELIA ROMO PEÑA,6,1,Perfil,TIC167
Ingeniería y Tecnología  ,175, EDUARDO VICENTE LOPEZ,6,2,Perfil,TIC103
Ingeniería y Tecnología  ,175, JOSE RAFAEL LOPEZ ARCOS,6,1,Perfil,TIC164
Ingeniería y Tecnología  ,178, RAFAEL CABAÑAS DE PAZ,5,1,Perfil,TIC103
Ingeniería y Tecnología  ,178, ROBERTO MAGAN CARRION,5,1,Perfil,TIC233
Ingeniería y Tecnología  ,180, VICTOR MARTIN GOMEZ,4,1,Perfil,SINGRUPO
Ingeniería y Tecnología  ,181, PABLO DAVID GUTIERREZ PEREZ,3,1,Perfil,TIC186
Ingeniería y Tecnología  ,182, JUAN ANTONIO MORENTE MOLINERA,1,1,Perfil,TIC186
Ingeniería y Tecnología  ,183, CARMEN NAVARRO LUZON,0,0,Perfil,TIC111
Ingeniería y Tecnología  ,183, DAVID ARREDONDO GARRIDO,0,0,Perfil,HUM813
Ingeniería y Tecnología  ,183, JOSE ANTONIO MORAL MUÑOZ,0,0,Perfil,SINGRUPO
Ingeniería y Tecnología  ,183, JOSE LUIS GUTIERREZ RIVAS,0,0,Perfil,TIC117
Ingeniería y Tecnología  ,183, LAURA FERNANDEZ MARTIN,0,0,Perfil,TIC111
Ingeniería y Tecnología  ,183, MANUEL ALEJANDRO FERNANDEZ RUIZ,0,0,Perfil,TEP190
Ingeniería y Tecnología  ,183, OLMO LEON CADAHI,0,0,Perfil,SINGRUPO
