Tipo,Titulación,Rama,Centro,Campus
Grado,Arqueología,Artes y Humanidades,Facultad de Filosofía y Letras,Campus de Cartuja
Grado,Bellas Artes,Artes y Humanidades,Facultad de Bellas Artes,Campus de Aynadamar
Grado,Conservación y Restauración de Bienes Culturales,Artes y Humanidades,Facultad de Bellas Artes,Campus de Aynadamar
Grado,Estudios Árabes e Islámicos,Artes y Humanidades,Facultad de Filosofía y Letras,Campus de Cartuja
Grado,Estudios Franceses,Artes y Humanidades,Facultad de Filosofía y Letras,Campus de Cartuja
Grado,Estudios Ingleses,Artes y Humanidades,Facultad de Filosofía y Letras,Campus de Cartuja
Grado,Filología Clásica,Artes y Humanidades,Facultad de Filosofía y Letras,Campus de Cartuja
Grado,Filología Hispánica,Artes y Humanidades,Facultad de Filosofía y Letras,Campus de Cartuja
Grado,Filosofía,Artes y Humanidades,Facultad de Filosofía y Letras,Campus de Cartuja
Grado,Historia,Artes y Humanidades,Facultad de Filosofía y Letras,Campus de Cartuja
Grado,Historia del Arte,Artes y Humanidades,Facultad de Filosofía y Letras,Campus de Cartuja
Grado,Historia y Ciencias de la Música,Artes y Humanidades,Facultad de Filosofía y Letras,Campus de Cartuja
Grado,Lenguas Modernas y sus Literaturas,Artes y Humanidades,Facultad de Filosofía y Letras,Campus de Cartuja
Grado,Literaturas Comparadas,Artes y Humanidades,Facultad de Filosofía y Letras,Campus de Cartuja
Grado,Traducción e Interpretación,Artes y Humanidades,Facultad de Traducción e Interpretación,Campus Centro
Grado,Biología,Ciencias,Facultad de Ciencias,Campus de Fuentenueva
Grado,Bioquímica,Ciencias,Facultad de Ciencias,Campus de Fuentenueva
Grado,Biotecnología,Ciencias,Facultad de Ciencias,Campus de Fuentenueva
Grado,Ciencia y Tecnología de los Alimentos,Ciencias,Facultad de Farmacia,Campus de Cartuja
Grado,Ciencias Ambientales,Ciencias,Facultad de Ciencias,Campus de Fuentenueva
Grado,Estadística,Ciencias,Facultad de Ciencias,Campus de Fuentenueva
Grado,Física,Ciencias,Facultad de Ciencias,Campus de Fuentenueva
Grado,Geología,Ciencias,Facultad de Ciencias,Campus de Fuentenueva
Grado,Ingeniería Informática y Matemáticas,Ciencias,Facultad de Ciencias,Campus de Fuentenueva
Grado,Matemáticas,Ciencias,Facultad de Ciencias,Campus de Fuentenueva
Grado,Óptica y Optometría,Ciencias,Facultad de Ciencias,Campus de Fuentenueva
Grado,Química,Ciencias,Facultad de Ciencias,Campus de Fuentenueva
Grado,Enfermería,Ciencias de la Salud,Facultad de Ciencias de la Salud,Campus de Ciencias de la Salud
Grado,Enfermería (Ceuta),Ciencias de la Salud,Facultad de Ciencias de la Salud de Ceuta,Campus de Ceuta
Grado,Enfermería (Melilla),Ciencias de la Salud,Facultad de Enfermería de Melilla,Campus de Melilla
Grado,Farmacia,Ciencias de la Salud,Facultad de Farmacia,Campus de Cartuja
Grado,Fisioterapia,Ciencias de la Salud,Facultad de Ciencias de la Salud,Campus de Ciencias de la Salud
Grado,Logopedia,Ciencias de la Salud,Facultad de Psicología,Campus de Cartuja
Grado,Medicina,Ciencias de la Salud,Facultad de Medicina,Campus Centro
Grado,Nutrición Humana y Dietética,Ciencias de la Salud,Facultad de Farmacia,Campus de Cartuja
Grado,Odontología,Ciencias de la Salud,Facultad de Odontología,Campus de Cartuja
Grado,Psicología,Ciencias de la Salud,Facultad de Psicología,Campus de Cartuja
Grado,Terapia Ocupacional,Ciencias de la Salud,Facultad de Ciencias de la Salud,Campus de Ciencias de la Salud
Grado,Administración y Dirección de Empresas,Ciencias Sociales y Jurídicas,Facultad de Ciencias Económicas y Empresariales,Campus de Cartuja
Grado,Administración y Dirección de Empresas (Ceuta),Ciencias Sociales y Jurídicas,"Facultad de Educación, Economía y Tecnología de Ceuta",Campus de Ceuta
Grado,Administración y Dirección de Empresas (Melilla),Ciencias Sociales y Jurídicas,Facultad de Ciencias Sociales de Melilla,Campus de Melilla
Grado,Administración y Dirección de Empresas y Derecho,Ciencias Sociales y Jurídicas,Facultad de Ciencias Económicas y Empresariales – Facultad de Derecho,Campus de Cartuja – Campus Centro
Grado,Administración y Dirección de Empresas y Derecho (Melilla),Ciencias Sociales y Jurídicas,Facultad de Ciencias Sociales de Melilla,Campus de Melilla
Grado,Antropología Social y Cultural,Ciencias Sociales y Jurídicas,Facultad de Filosofía y Letras,Campus de Cartuja
Grado,Ciencias de la Actividad Física y del Deporte,Ciencias Sociales y Jurídicas,Facultad de Ciencias del Deporte,Campus de Cartuja
Grado,Ciencias Políticas y de la Administración,Ciencias Sociales y Jurídicas,Facultad de Ciencias Políticas y Sociología,Campus Centro
Grado,Comunicación Audiovisual,Ciencias Sociales y Jurídicas,Facultad de Comunicación y Documentación,Campus de Cartuja
Grado,Criminología,Ciencias Sociales y Jurídicas,Facultad de Derecho,Campus Centro
Grado,Derecho,Ciencias Sociales y Jurídicas,Facultad de Derecho,Campus Centro
Grado,Derecho (Melilla),Ciencias Sociales y Jurídicas,Facultad de Ciencias Sociales de Melilla,Campus de Melilla
Grado,Ciencias Políticas de la Administración y Derecho,Ciencias Sociales y Jurídicas,Facultad de Ciencias Políticas y Sociología – Facultad de Derecho,Campus Centro
Grado,Economía,Ciencias Sociales y Jurídicas,Facultad de Ciencias Económicas y Empresariales,Campus de Cartuja
Grado,Educación Infantil,Ciencias Sociales y Jurídicas,Facultad de Ciencias de la Educación,Campus de Cartuja
Grado,Educación Infantil,Ciencias Sociales y Jurídicas,Centro de Magisterio La Inmaculada,Centros Adscritos
Grado,Educación Infantil (Ceuta),Ciencias Sociales y Jurídicas,"Facultad de Educación, Economía y Tecnología de Ceuta",Campus de Ceuta
Grado,Educación Infantil (Melilla),Ciencias Sociales y Jurídicas,Facultad de Educación y Humanidades de Melilla,Campus de Melilla
Grado,Educación Primaria,Ciencias Sociales y Jurídicas,Facultad de Ciencias de la Educación,Campus de Cartuja
Grado,Educación Primaria,Ciencias Sociales y Jurídicas,Centro de Magisterio La Inmaculada,Centros Adscritos
Grado,Educación Primaria (Ceuta),Ciencias Sociales y Jurídicas,"Facultad de Educación, Economía y Tecnología de Ceuta",Campus de Ceuta
Grado,Educación Primaria (Melilla),Ciencias Sociales y Jurídicas,Facultad de Educación y Humanidades de Melilla,Campus de Melilla
Grado,Educación Primaria y Ciencias de la Actividad Física y del Deporte,Ciencias Sociales y Jurídicas,Facultad de Educación y Humanidades de Melilla,Campus de Melilla
Grado,Educación Social,Ciencias Sociales y Jurídicas,Facultad de Ciencias de la Educación,Campus de Cartuja
Grado,Educación Social (Ceuta),Ciencias Sociales y Jurídicas,"Facultad de Educación, Economía y Tecnología de Ceuta",Campus de Ceuta
Grado,Educación Social (Melilla),Ciencias Sociales y Jurídicas,Facultad de Educación y Humanidades de Melilla,Campus de Melilla
Grado,Finanzas y Contabilidad,Ciencias Sociales y Jurídicas,Facultad de Ciencias Económicas y Empresariales,Campus de Cartuja
Grado,Geografía y Gestión del Territorio,Ciencias Sociales y Jurídicas,Facultad de Filosofía y Letras,Campus de Cartuja
Grado,Gestión y Administración Pública (Melilla),Ciencias Sociales y Jurídicas,Facultad de Ciencias Sociales de Melilla,Campus de Melilla
Grado,Información y Documentación,Ciencias Sociales y Jurídicas,Facultad de Comunicación y Documentación,Campus de Cartuja
Grado,Marketing e Investigación de Mercados,Ciencias Sociales y Jurídicas,Facultad de Ciencias Económicas y Empresariales,Campus de Cartuja
Grado,Pedagogía,Ciencias Sociales y Jurídicas,Facultad de Ciencias de la Educación,Campus de Cartuja
Grado,Relaciones Laborales y Recursos Humanos,Ciencias Sociales y Jurídicas,Facultad de Ciencias del Trabajo,Campus Centro
Grado,Relaciones Laborales y Recursos Humanos (Melilla),Ciencias Sociales y Jurídicas,Facultad de Ciencias Sociales de Melilla,Campus de Melilla
Grado,Sociología,Ciencias Sociales y Jurídicas,Facultad de Ciencias Políticas y Sociología,Campus Centro
Grado,Trabajo Social,Ciencias Sociales y Jurídicas,Facultad de Trabajo Social,Campus Centro
Grado,Turismo,Ciencias Sociales y Jurídicas,Facultad de Ciencias Económicas y Empresariales,Campus de Cartuja
Grado,Arquitectura,Ingeniería y Arquitectura,Escuela Técnica Superior de Arquitectura,Campus de Fuentenueva
Grado,Ingeniería Civil,Ingeniería y Arquitectura,"Escuela Técnica Superior de Ingeniería de Caminos, Canales y Puertos",Campus de Fuentenueva
Grado,Edificación,Ingeniería y Arquitectura,Escuela Técnica Superior de Ingeniería de Edificación,Campus de Fuentenueva
Grado,Ingeniería de Tecnologías de Telecomunicación,Ingeniería y Arquitectura,Escuela Técnica Superior de Ingeierías Informática y de Telecomunicación,Campus de Aynadamar
Grado,Ingeniería Electrónica Industrial,Ingeniería y Arquitectura,Facultad de Ciencias,Campus de Fuentenueva
Grado,Ingeniería Informática,Ingeniería y Arquitectura,Escuela Técnica Superior de Ingenierías Informática y de Telecomunicación,Campus de Aynadamar
Grado,Ingeniería Informática (Ceuta),Ingeniería y Arquitectura,"Facultad de Educación, Economía y Tecnología de Ceuta",Campus de Ceuta
Grado,Ingeniería Informática y Matemáticas,Ingeniería y Arquitectura,Escuela Técnica Superior de Ingeierías Informática y de Telecomunicación,Campus de Aynadamar
Grado,Ingeniería Química,Ingeniería y Arquitectura,Facultad de Ciencias,Campus de Fuentenueva
Máster Oficial,Máster Universitario en Arqueología (M71.56.1),Artes y Humanidades,Escuela Internacional de Posgrado,Campus de Cartuja
Máster Oficial,Máster Universitario en Culturas Árabe y Hebrea: Al-Andalus y Mundo Árabe Contemporáneo (M13.56.2),Artes y Humanidades,Escuela Internacional de Posgrado,Campus de Cartuja
Máster Oficial,"Máster Universitario en Dibujo - Creación, Producción y Difusión (M60.56.1)",Artes y Humanidades,Escuela Internacional de Posgrado,Campus de Aynadamar
Máster Oficial,Máster Universitario en Enseñanza del ELE: Cultura y Metodología (M73.56.1),Artes y Humanidades,Escuela Internacional de Posgrado,Campus de Cartuja
Máster Oficial,Máster Universitario en Estudios de Asia Oriental (MA2.56.1),Artes y Humanidades,Escuela Internacional de Posgrado,Campus de Cartuja
Máster Oficial,Máster Universitario en Estudios Latinoamericanos: Cultura y Gestión (M20.56.1),Artes y Humanidades,Escuela Internacional de Posgrado,Campus de Cartuja
Máster Oficial,Máster Universitario en Estudios Literarios y Teatrales (M90.56.1),Artes y Humanidades,Escuela Internacional de Posgrado,Campus de Cartuja
Máster Oficial,Máster Universitario en Estudios Superiores de Lengua Española (M70.56.1),Artes y Humanidades,Escuela Internacional de Posgrado,Campus de Cartuja
Máster Oficial,Máster Universitario en Filosofía Contemporánea (M16.56.1),Artes y Humanidades,Escuela Internacional de Posgrado,Campus de Cartuja
Máster Oficial,"Máster Universitario en Historia: De Europa a América. Sociedades, Poderes, Culturas (EURAME) (MA3.56.1)",Artes y Humanidades,Escuela Internacional de Posgrado,Campus de Cartuja
Máster Oficial,Máster Universitario en Historia del Arte. Conocimiento y Tutela del Patrimonio Histórico (M55.56.1),Artes y Humanidades,Escuela Internacional de Posgrado,Campus de Cartuja
Máster Oficial,Máster Universitario en Interpretación de Conferencias (MA5.56.1),Artes y Humanidades,Escuela Internacional de Posgrado,Campus Centro
Máster Oficial,Máster Universitario en Lenguas y Culturas Modernas (MB4.56.1),Artes y Humanidades,Escuela Internacional de Posgrado,Campus de Cartuja
Máster Oficial,Máster Universitario en Literatura y Lingüística Inglesas (M19.56.1),Artes y Humanidades,Escuela Internacional de Posgrado,Campus de Cartuja
Máster Oficial,Máster Universitario en Lógica y Filosofía de la Ciencia (MA7.56.1),Artes y Humanidades,Escuela Internacional de Posgrado,Campus de Cartuja
Máster Oficial,Máster Universitario en Patrimonio Musical (M68.56.1),Artes y Humanidades,Escuela Internacional de Posgrado,Campus de Cartuja
Máster Oficial,Máster Universitario en Producción e Investigación en Arte (M94.56.1),Artes y Humanidades,Escuela Internacional de Posgrado,Campus de Aynadamar
Máster Oficial,Máster Universitario en Traducción Profesional (M21.56.2),Artes y Humanidades,Escuela Internacional de Posgrado,Campus de Fuentenueva
Máster Oficial,Máster Erasmus Mundus en el Color en la Informática y la Tecnología de los Medios / Erasmus Mundus in Color in Informatics and Media Technology (CIMET) (M14.56.1),Ciencias,Escuela Internacional de Posgrado,Campus de Fuentenueva
Máster Oficial,Máster Erasmus Mundus COSI – Colour in Science and Industry / Erasmus Mundus COSI – Colour in Science and Industry (M14.56.2),Ciencias,Escuela Internacional de Posgrado,Campus de Fuentenueva
Máster Oficial,Máster Universitario en Avances en Biología Agraria y Acuicultura (M48.56.2),Ciencias,Escuela Internacional de Posgrado,Campus de Fuentenueva
Máster Oficial,Máster Universitario en Biología Molecular apllicada a Empresas Biotecnológicas (BIOENTERPRISE) (M78.56.1),Ciencias,Escuela Internacional de Posgrado,Campus de Fuentenueva
Máster Oficial,Máster Universitario en Biotecnología (M38.56.1),Ciencias,Escuela Internacional de Posgrado,Campus de Fuentenueva
Máster Oficial,Máster Universitario en Ciencia y Tecnología en Patrimonio Arquitectónico (M80.56.1),Ciencias,Escuela Internacional de Posgrado,Campus de Fuentenueva
Máster Oficial,"Máster Universitario en Ciencias y Tecnologías Químicas, KHEMIA (M43.56.2)",Ciencias,Escuela Internacional de Posgrado,Campus de Fuentenueva
Máster Oficial,"Máster Universitario en Conservación, Gestión y Restauración de la Biodiversidad (M64.56.1)",Ciencias,Escuela Internacional de Posgrado,Campus de Fuentenueva
Máster Oficial,Máster Universitario en Estadística Aplicada (M42.56.1),Ciencias,Escuela Internacional de Posgrado,Campus de Fuentenueva
Máster Oficial,Máster Universitario en Física y Matemáticas (M53.56.1),Ciencias,Escuela Internacional de Posgrado,Campus de Fuentenueva
Máster Oficial,"Máster Universitario en Física: Radiaciones, Nanotecnología, Partículas y Astrofísica (M44.56.2)",Ciencias,Escuela Internacional de Posgrado,Campus de Fuentenueva
Máster Oficial,Máster Universitario en Genética y Evolución (M58.56.1),Ciencias,Escuela Internacional de Posgrado,Campus de Fuentenueva
Máster Oficial,Máster Universitario en Geofísica y Meteorología (M40.56.1),Ciencias,Escuela Internacional de Posgrado,Campus de Fuentenueva
Máster Oficial,Máster Universitario en Geología Aplicada a los Recursos Minerales y Energéticos - GEOREC (M45.56.2),Ciencias,Escuela Internacional de Posgrado,Campus de Fuentenueva
Máster Oficial,Máster Universitario en Investigación y Avances en Microbiología (M46.56.1),Ciencias,Escuela Internacional de Posgrado,Campus de Fuentenueva
Máster Oficial,Máster Universitario en Matemáticas (M37.56.1),Ciencias,Escuela Internacional de Posgrado,Campus de Fuentenueva
Máster Oficial,Máster Universitario en Óptica y Optometría Avanzadas (M47.56.1),Ciencias,Escuela Internacional de Posgrado,Campus de Fuentenueva
Máster Oficial,Máster Universitario en Técnicas y Ciencias de la Calidad del Agua (IDEA) (M96.56.1),Ciencias,Escuela Internacional de Posgrado,Campus de Fuentenueva
Máster Oficial,Máster Erasmus Mundus en Excelencia en Salud Pública / Europubhealth (M18.56.2),Ciencias de la Salud,Escuela Internacional de Posgrado,Campus de Cartuja
Máster Oficial,Máster Universitario en Análisis Biológico y Diagnóstico de Laboratorio (M41.56.1),Ciencias de la Salud,Escuela Internacional de Posgrado,Campus de Cartuja
Máster Oficial,Máster Universitario en Antropología Física y Forense (M34.56.1),Ciencias de la Salud,Escuela Internacional de Posgrado,Campus Centro
Máster Oficial,Máster Universitario en Atención Farmacéutica EUROPHARMNES (M22.56.1),Ciencias de la Salud,Escuela Internacional de Posgrado,Campus de Cartuja
Máster Oficial,Máster Universitario en Avances en Calidad y Tecnología Alimentaria (M79.56.1),Ciencias de la Salud,Escuela Internacional de Posgrado,Campus de Cartuja
Máster Oficial,Máster Universitario en Avances en Radiología Diagnóstica y Terapéutica y Medicina Física (M29.56.1),Ciencias de la Salud,Escuela Internacional de Posgrado,Campus Centro
Máster Oficial,Máster Universitario en Biomedicina Regenerativa (M31.56.1),Ciencias de la Salud,Escuela Internacional de Posgrado,Campus Centro
Máster Oficial,"Máster Universitario en Condicionantes Genéticos, Nutricionales y Ambientales del Crecimiento y Desarrollo (M36.56.1)",Ciencias de la Salud,Escuela Internacional de Posgrado,Campus Centro
Máster Oficial,Máster Universitario en Cuidados de Salud para la Promoción de la Autonomía de las Personas y la Atención a los Procesos del Fin de la Vida (M61.56.1),Ciencias de la Salud,Escuela Internacional de Posgrado,Campus de Ciencias de la Salud
Máster Oficial,Máster Universitario en Ingeniería Tisular (M35.56.1),Ciencias de la Salud,Escuela Internacional de Posgrado,Campus Centro
Máster Oficial,"Máster Universitario en Investigación, Desarrollo, Control e Innovación de Medicamentos (M91.56.1)",Ciencias de la Salud,Escuela Internacional de Posgrado,Campus de Cartuja
Máster Oficial,Máster Universitario en Investigación Logopédica en Trastornos Degenerativos y Daño Cerebral (M89.56.1),Ciencias de la Salud,Escuela Internacional de Posgrado,Campus de Cartuja
Máster Oficial,Máster Universitario en Investigación Odontológica (M39.56.1),Ciencias de la Salud,Escuela Internacional de Posgrado,Campus de Cartuja
Máster Oficial,Máster Universitario en Investigación Traslacional y Medicina Personalizada (MB3.56.1),Ciencias de la Salud,Escuela Internacional de Posgrado,Campus Centro
Máster Oficial,Máster Universitario en Investigación y Avances en Inmunología Molecular y Celular (M26.56.1),Ciencias de la Salud,Escuela Internacional de Posgrado,Campus Centro
Máster Oficial,Máster Universitario en Investigación y Avances en Medicina Preventiva y Salud Pública (M24.56.1),Ciencias de la Salud,Escuela Internacional de Posgrado,Campus Centro
Máster Oficial,Máster Universitario en Neurociencia Cognitiva y del Comportamiento (M30.56.1),Ciencias de la Salud,Escuela Internacional de Posgrado,Campus de Cartuja
Máster Oficial,Máster Universitario en Neurociencia y Dolor (M27.56.1),Ciencias de la Salud,Escuela Internacional de Posgrado,Campus Centro
Máster Oficial,Máster Universitario en Nutrición Humana (M28.56.1),Ciencias de la Salud,Escuela Internacional de Posgrado,Campus de Cartuja
Máster Oficial,Máster Universitario en Psicología General Sanitaria (M33.56.2),Ciencias de la Salud,Escuela Internacional de Posgrado,Campus de Cartuja
Máster Oficial,Máster Universitario en Psicología Jurídica y Forense (M23.56.2),Ciencias de la Salud,Escuela Internacional de Posgrado,Campus de Cartuja
Máster Oficial,Máster Erasmus Mundus en Estudios de las Mujeres y de Género (M15.56.1),Ciencias Sociales y Jurídicas,Escuela Internacional de Posgrado,Campus de Cartuja
Máster Oficial,Máster Universitario en Abogacía (M99.56.1),Ciencias Sociales y Jurídicas,Escuela Internacional de Posgrado,Campus Centro
Máster Oficial,Máster Universitario en Análisis y Gestión del Territorio: Liderazgo y Planificación para la Gobernanza Territorial (MB1.56.1),Ciencias Sociales y Jurídicas,Escuela Internacional de Posgrado,Campus de Cartuja
Máster Oficial,"Máster Universitario en Asesoría Laboral, Fiscal y Jurídica de la Empresa (M99.56.3)",Ciencias Sociales y Jurídicas,Escuela Internacional de Posgrado,Campus Centro
Máster Oficial,Máster Universitario en Auditoría (M99.56.2),Ciencias Sociales y Jurídicas,Escuela Internacional de Posgrado,Campus Centro
Máster Oficial,Máster Universitario en Artes Visuales y Educación. Un enfoque Construccionista (M06.56.1),Ciencias Sociales y Jurídicas,Escuela Internacional de Posgrado,Campus de Aynadamar
Máster Oficial,"Máster Universitario en Cooperación al Desarrollo, Gestión Pública y de las ONGDs (M25.56.1)",Ciencias Sociales y Jurídicas,Escuela Internacional de Posgrado,Campus Centro
Máster Oficial,Máster Universitario en Criminalidad e Intervención Social en Menores (M04.56.1),Ciencias Sociales y Jurídicas,Escuela Internacional de Posgrado,Campus Centro
Máster Oficial,"Máster Universitario en Cultura de Paz, Conflictos, Educación y Derechos Humanos (M75.56.1)",Ciencias Sociales y Jurídicas,Escuela Internacional de Posgrado,Campus de Cartuja
Máster Oficial,Máster Universitario en Derecho Constitucional Europeo (M03.56.1),Ciencias Sociales y Jurídicas,Escuela Internacional de Posgrado,Campus Centro
Máster Oficial,Máster Universitario en Derecho de los Negocios (M83.56.1),Ciencias Sociales y Jurídicas,Escuela Internacional de Posgrado,Campus Centro
Máster Oficial,Máster Universitario en Derecho Internacional y Relaciones Internacionales (M84.56.1),Ciencias Sociales y Jurídicas,Escuela Internacional de Posgrado,Campus Centro
Máster Oficial,"Máster Universitario en Derecho Sanitario, Bioética y Derecho a la Salud en la Unión Europea (M85.56.1)",Ciencias Sociales y Jurídicas,Escuela Internacional de Posgrado,Campus Centro
Máster Oficial,Máster Universitario en Didáctica de la Matemática (M05.56.1),Ciencias Sociales y Jurídicas,Escuela Internacional de Posgrado,Campus de Cartuja
Máster Oficial,Máster Universitario en Dirección y Gestión Pública (M87.56.1),Ciencias Sociales y Jurídicas,Escuela Internacional de Posgrado,Campus Centro
Máster Oficial,Máster Universitario en Diversidad Cultural. Un Enfoque Multidisciplinar y Transfronterizo (MA1.56.1),Ciencias Sociales y Jurídicas,Escuela Internacional de Posgrado,Campus de Melilla
Máster Oficial,Máster Universitario en Economía y Organización de Empresas (M02.56.1),Ciencias Sociales y Jurídicas,Escuela Internacional de Posgrado,Campus de Cartuja
Máster Oficial,Máster Universitario en Economía/Economics (M56.56.1),Ciencias Sociales y Jurídicas,Escuela Internacional de Posgrado,Campus de Cartuja
Máster Oficial,Máster Universitario en Educación Musical: Una Perspectiva Multidisciplinar (M72.56.1),Ciencias Sociales y Jurídicas,Escuela Internacional de Posgrado,Campus de Melilla
Máster Oficial,Máster Universitario en Educación Social: Investigación y Desarrollo Profesional (M88.56.1),Ciencias Sociales y Jurídicas,Escuela Internacional de Posgrado,Campus de Cartuja
Máster Oficial,Máster Universitario en Educador / Educadora Ambiental (M54.56.1),Ciencias Sociales y Jurídicas,Escuela Internacional de Posgrado,Campus de Cartuja
Máster Oficial,Máster Universitario en El Análisis Geográfico en la Ordenación del Territorio. Tecnologías de la Información Geográfica (M07.56.1),Ciencias Sociales y Jurídicas,Escuela Internacional de Posgrado,Campus de Cartuja
Máster Oficial,"Máster Universitario en Estudios e Intervención Social en Inmigración, Desarrollo y Grupos Vulnerables (M09.56.1)",Ciencias Sociales y Jurídicas,Escuela Internacional de Posgrado,Campus Centro
Máster Oficial,"Máster Universitario en Gerontología, Dependencia y Protección de los Mayores (M65.56.1)",Ciencias Sociales y Jurídicas,Escuela Internacional de Posgrado,Campus Centro
Máster Oficial,Máster Universitario en Gestión y Tecnologías de Procesos de Negocio (M93.56.1),Ciencias Sociales y Jurídicas,Escuela Internacional de Posgrado,Campus de Aynadamar
Máster Oficial,Máster Universitario en Información y Comunicación Científica (M12.56.1),Ciencias Sociales y Jurídicas,Escuela Internacional de Posgrado,Campus de Cartuja
Máster Oficial,Máster Universitario en Intervención Psicopedagógica (M11.56.1),Ciencias Sociales y Jurídicas,Escuela Internacional de Posgrado,Campus de Cartuja
Máster Oficial,Máster Universitario en Investigación e Innovación en Currículum y Formación (M98.56.1),Ciencias Sociales y Jurídicas,Escuela Internacional de Posgrado,Campus de Cartuja
Máster Oficial,Máster Universitario en Investigación en Actividad Física y Deporte (M57.56.1),Ciencias Sociales y Jurídicas,Escuela Internacional de Posgrado,Campus de Cartuja
Máster Oficial,Máster Universitario en Marketing y Comportamiento del Consumidor (M01.56.1),Ciencias Sociales y Jurídicas,Escuela Internacional de Posgrado,Campus de Cartuja
Máster Oficial,Máster Universitario en Nuevos Medios Interactivos y Periodismo Multimedia (MB2.56.1),Ciencias Sociales y Jurídicas,Escuela Internacional de Posgrado,Campus de Cartuja
Máster Oficial,Máster Universitario en Problemas Sociales. Dirección y Gestión de Programas Sociales (M08.56.1),Ciencias Sociales y Jurídicas,Escuela Internacional de Posgrado,Campus Centro
Máster Oficial,"Máster Universitario en Profesorado de Educación Secundaria Obligatoria y Bachillerato, Formación Profesional y Enseñanza de Idiomas (S01 a S45.56.1)",Ciencias Sociales y Jurídicas,Escuela Internacional de Posgrado,Múltiples
Máster Oficial,Máster Universitario en Psicología de la Intervención Social (M10.56.1),Ciencias Sociales y Jurídicas,Escuela Internacional de Posgrado,Campus de Cartuja
Máster Oficial,Máster Universitario en Técnicas Cuantitativas en Gestión Empresarial (MA4.56.1),Ciencias Sociales y Jurídicas,Escuela Internacional de Posgrado,Campus de Cartuja
Máster Oficial,Máster Universitario en Arquitectura (M97.56.3),Ingeniería y Arquitectura,Escuela Internacional de Posgrado,Campus de Fuentenueva
Máster Oficial,Máster Universitario en Ciencia de Datos e Ingeniería de Computadores (M51.56.2),Ingeniería y Arquitectura,Escuela Internacional de Posgrado,Campus de Aynadamar
Máster Oficial,Máster Universitario en Desarrollo del Software (M52.56.1),Ingeniería y Arquitectura,Escuela Internacional de Posgrado,Campus de Aynadamar
Máster Oficial,Máster Universitario en Estructuras (M63.56.1),Ingeniería y Arquitectura,Escuela Internacional de Posgrado,Campus de Fuentenueva
Máster Oficial,Máster Universitario en Gestión y Seguridad Integral en la Edificación (M74.56.1),Ingeniería y Arquitectura,Escuela Internacional de Posgrado,Campus de Aynadamar – Campus de Fuentenueva
Máster Oficial,Máster Universitario en Gestión y Tecnologías de Procesos de Negocio (M93.56.1),Ingeniería y Arquitectura,Escuela Internacional de Posgrado,Campus de Aynadamar
Máster Oficial,Máster Universitario en Hidráulica Ambiental (M62.56.1),Ingeniería y Arquitectura,Escuela Internacional de Posgrado,Campus de Fuentenueva
Máster Oficial,Máster Universitario en Ingeniería Acústica (MA8.56.1),Ingeniería y Arquitectura,Escuela Internacional de Posgrado,Campus de Fuentenueva
Máster Oficial,"Máster Universitario en Ingeniería de Caminos, Canales y Puertos (MA9.56.1)",Ingeniería y Arquitectura,Escuela Internacional de Posgrado,Campus de Fuentenueva
Máster Oficial,Máster Universitario en Ingeniería de Telecomunicación (M92.56.1),Ingeniería y Arquitectura,Escuela Internacional de Posgrado,Campus de Aynadamar
Máster Oficial,Máster Universitario en Ingeniería Informática (M50.56.2),Ingeniería y Arquitectura,Escuela Internacional de Posgrado,Campus de Aynadamar
Máster Oficial,Máster Universitario en Ingeniería Química (M43.56.3),Ingeniería y Arquitectura,Escuela Internacional de Posgrado,Campus de Fuentenueva
Máster Oficial,Máster Universitario en Prevención de Riesgos Laborales (M67.56.1),Ingeniería y Arquitectura,Escuela Internacional de Posgrado,Campus de Cartuja
Máster Oficial,Máster Universitario en Rehabilitación Arquitectónica (M97.56.2),Ingeniería y Arquitectura,Escuela Internacional de Posgrado,Campus de Fuentenueva
Máster Oficial Doble,Double Master (Double Degree) in Economics (M56.56.1) and International Management ,Ciencias Sociales y Jurídicas,Escuela Internacional de Posgrado,UGR - SRH Hochschule Berlin (Germany)
Máster Oficial Doble,Máster Universitario en Economía y Organización de Empresas (M02.56.1) y Master in International Management ,Ciencias Sociales y Jurídicas,Escuela Internacional de Posgrado,UGR - ESC Dijon-Bourgogne (Francia)
Máster Oficial Doble,Máster Universitario en Marketing y Comportamiento del Consumidor (M01.56.1) y Máster en Marketing Stratégic et Opérationnel ,Ciencias Sociales y Jurídicas,Escuela Internacional de Posgrado,UGR - IGR-IAE Université de Rennes (Francia)
Programa de Doctorado,Programa de Doctorado en Filosofía,Artes y Humanidades,"Escuela de Doctorado en Humanidades, Ciencias Sociales y Jurídicas",Campus de Cartuja
Programa de Doctorado,Programa de Doctorado en Historia y Artes,Artes y Humanidades,"Escuela de Doctorado en Humanidades, Ciencias Sociales y Jurídicas",Campus de Cartuja
Programa de Doctorado,"Programa de Doctorado en Lenguas, Textos y Contextos",Artes y Humanidades,"Escuela de Doctorado en Humanidades, Ciencias Sociales y Jurídicas",Campus de Cartuja
Programa de Doctorado,Programa de Doctorado en Biología Fundamental y de Sistemas,Ciencias,"Escuela de Doctorado en Ciencias, Tecnología e Ingeniería",Campus de Fuentenueva
Programa de Doctorado,Programa de Doctorado en Ciencias de la Tierra,Ciencias,"Escuela de Doctorado en Ciencias, Tecnología e Ingeniería",Campus de Fuentenueva
Programa de Doctorado,Programa de Doctorado en Dinámica de Flujos Biogeoquímicos y sus Aplicaciones,Ciencias,"Escuela de Doctorado en Ciencias, Tecnología e Ingeniería",Campus de Fuentenueva
Programa de Doctorado,Programa de Doctorado en Estadística Matemática y Aplicada,Ciencias,"Escuela de Doctorado en Ciencias, Tecnología e Ingeniería",Campus de Fuentenueva
Programa de Doctorado,Programa de Doctorado en Física y Ciencias del Espacio,Ciencias,"Escuela de Doctorado en Ciencias, Tecnología e Ingeniería",Campus de Fuentenueva
Programa de Doctorado,Programa de Doctorado en Física y Matemáticas,Ciencias,"Escuela de Doctorado en Ciencias, Tecnología e Ingeniería",Campus de Fuentenueva
Programa de Doctorado,Programa de Doctorado en Matemáticas,Ciencias,"Escuela de Doctorado en Ciencias, Tecnología e Ingeniería",Campus de Fuentenueva
Programa de Doctorado,Programa de Doctorado en Química,Ciencias,"Escuela de Doctorado en Ciencias, Tecnología e Ingeniería",Campus de Fuentenueva
Programa de Doctorado,Programa de Doctorado en Biomedicina,Ciencias de la Salud,Escuela de Doctorado en Ciencias de la Salud,Campus Centro – Campus de Ciencias de la Salud
Programa de Doctorado,Programa de Doctorado en Bioquímica y Biología Molecular,Ciencias de la Salud,Escuela de Doctorado en Ciencias de la Salud,Campus de Ciencias de la Salud
Programa de Doctorado,Programa de Doctorado en Farmacia,Ciencias de la Salud,Escuela de Doctorado en Ciencias de la Salud,Campus de Cartuja
Programa de Doctorado,Programa de Doctorado en Medicina Clínica y Salud Pública,Ciencias de la Salud,Escuela de Doctorado en Ciencias de la Salud,Campus Centro – Campus de Ciencias de la Salud
Programa de Doctorado,Programa de Doctorado en Nutrición y Ciencias de los Alimentos,Ciencias de la Salud,Escuela de Doctorado en Ciencias de la Salud,Campus de Cartuja
Programa de Doctorado,Programa de Doctorado en Psicología,Ciencias de la Salud,Escuela de Doctorado en Ciencias de la Salud,Campus de Cartuja
Programa de Doctorado,Programa de Doctorado en Artes y Educación,Ciencias Sociales y Jurídicas,"Escuela de Doctorado en Humanidades, Ciencias Sociales y Jurídicas",Campus de Aynadamar
Programa de Doctorado,Programa de Doctorado en Ciencias Económicas y Empresariales,Ciencias Sociales y Jurídicas,"Escuela de Doctorado en Humanidades, Ciencias Sociales y Jurídicas",Campus de Cartuja
Programa de Doctorado,Programa de Doctorado en Ciencias de la Educación,Ciencias Sociales y Jurídicas,"Escuela de Doctorado en Humanidades, Ciencias Sociales y Jurídicas",Campus de Cartuja
Programa de Doctorado,Programa de Doctorado en Ciencias Jurídicas,Ciencias Sociales y Jurídicas,"Escuela de Doctorado en Humanidades, Ciencias Sociales y Jurídicas",Campus Centro
Programa de Doctorado,Programa de Doctorado en Ciencias Sociales,Ciencias Sociales y Jurídicas,"Escuela de Doctorado en Humanidades, Ciencias Sociales y Jurídicas",Campus de Cartuja
Programa de Doctorado,Programa de Doctorado en Criminología,Ciencias Sociales y Jurídicas,"Escuela de Doctorado en Humanidades, Ciencias Sociales y Jurídicas",Campus Centro
Programa de Doctorado,"Programa de Doctorado en Estudios de las Mujeres, Discursos y Prácticas de Género",Ciencias Sociales y Jurídicas,"Escuela de Doctorado en Humanidades, Ciencias Sociales y Jurídicas",Campus de Cartuja
Programa de Doctorado,Programa de Doctorado en Estudios Migratorios,Ciencias Sociales y Jurídicas,"Escuela de Doctorado en Humanidades, Ciencias Sociales y Jurídicas",Campus Centro
Programa de Doctorado,Programa de Doctorado en Ingeniería Civil,Ingeniería y Arquitectura,"Escuela de Doctorado en Ciencias, Tecnología e Ingeniería",Campus de Fuentenueva
Programa de Doctorado,Programa de Doctorado en Tecnologías de la Información y la Comunicación,Ingeniería y Arquitectura,"Escuela de Doctorado en Ciencias, Tecnología e Ingeniería",Campus de Aynadamar
Títulos Propios: cursos complementarios,Técnicas de supervivencia en la naturaleza. Bosque (17ª edición) ,Artes y Humanidades,Facultad de Ciencias del Deporte. Sierra de La Almijara,Campus de Cartuja
Títulos Propios: cursos complementarios,Diploma en técnicas de supervivencia en la naturaleza. Mar y litoral (12ª edición) ,Artes y Humanidades,Facultad de Ciencias del Deporte. Calnegre (Murcia),Campus de Cartuja
Títulos Propios: cursos complementarios,Diploma en Grecia y Roma VI: más gentes y más cosas (1ª edición) ,Artes y Humanidades,Facultad de Filosofía y Letras,Campus de Cartuja
Títulos Propios: cursos complementarios,Técnicas de supervivencia en la naturaleza. Desierto y zonas áridas (12ª edición) ,Artes y Humanidades,Facultad de Ciencias del Deporte. Desierto de Tabernas (Almería),Campus de Cartuja
Títulos Propios: cursos complementarios,Técnicas de supervivencia en la naturaleza. Módulo final (11ª edición) ,Artes y Humanidades,"Facultad de Ciencias del Deporte. Sierra del Cazorla, Segura y las Villas",Campus de Cartuja
Títulos Propios: cursos complementarios,Pedagogía y didáctica de la religión en la escuela (3ª edición) ,Artes y Humanidades,Facultad de Ciencias de la Educación,Campus de Cartuja
Títulos Propios: cursos complementarios,"Diploma en formación para investigadores que capacita para la funciones de cuidado de los animales de experimentación, eutanasia y realización de procedimientos a, b y c (1ª edición) ",Ciencias de la Salud,Unidad de Experimentación Animal. Campus de Cartuja,Campus de Cartuja
Títulos Propios: cursos complementarios,Introducción al protocolo y las relaciones institucionales (13ª edición),Ciencias Sociales y Jurídicas,Facultad de Derecho,Campus Centro
Títulos Propios: cursos complementarios,Diplomado especialista en wedding planner (2ª edición) ,Ciencias Sociales y Jurídicas,Facultad de Derecho,Campus Centro
Títulos Propios: cursos complementarios,"Diploma en introducción a ARCGIS: aplicación a las geociencias, al medio ambiente y a la ingeniería civil (19ª edición) ",Ingeniería y Arquitectura,"Escuela Técnica Superior de Ingeniería de Caminos, Canales y Puertos: laboratorio de Ingeniería del Terreno",Campus de Fuentenueva
Títulos Propios: cursos complementarios,Diploma en edificación con muros de fábrica. Diseño estructural y constructivo (1ª edición) ,Ingeniería y Arquitectura,ETS de Ingeniería de Edificación,Campus de Fuentenueva
Títulos Propios: diploma de especialización,Diploma de especialización en medicina de urgencias y emergencias médicas (8ª edición),Ciencias de la Salud,CMAT. Sede de la Línea Iavante en Granada,Campus de la Salud
Títulos Propios: másteres propios,"Máster en arteterapia para la intervención social, clínica y psicoeducativa (1ª edición) ",Artes y Humanidades,Facultad de Bellas Artes,Campus de Aynadamar
Títulos Propios: másteres propios,"Arteterapia para la intervención social, clínica y psicoeducativa (1ª edición)",Artes y Humanidades,Facultad de Bellas Artes,Campus de Aynadamar
Títulos Propios: másteres propios,Máster propio de enfermería en cuidados críticos y urgencias. Fc. Salud de ceuta (1ª edición) ,Ciencias de la Salud,CMAT Granada - Facultad de Ciencias de la Salud de Ceuta,Campus de Ciencias de la Salud – Campus de Ceuta
Títulos Propios: másteres propios,Master propio en farmacoeconomía hospitalaria (5ª edición),Ciencias de la Salud,Virtual,Campus Virtual
Títulos Propios: másteres propios,Máster propio en dirección y administración de empresas turísticas. Ceuta (3ª edición) ,Ciencias Sociales y Jurídicas,Facultad de Educación y Humanidades de Ceuta,Campus de Ceuta
Títulos Propios: másteres propios,Máster propio en derecho penal económico internacional... . (11ª edición) ,Ciencias Sociales y Jurídicas,Campus Virtual UGR-IAEU,Campus Virtual
Títulos Propios: másteres propios,Máster propio en derecho penal internacional. (19ª edición) ,Ciencias Sociales y Jurídicas,Campus Virtual UGR-IAEU,Campus Virtual
